Entity,Code,Year,Life expectancy
Argentina,ARG,1960,64
Argentina,ARG,1961,64.4
Argentina,ARG,1962,64.2
Argentina,ARG,1963,64.4
Argentina,ARG,1964,64.4
Argentina,ARG,1965,64.6
Argentina,ARG,1966,64.9
Argentina,ARG,1967,65
Argentina,ARG,1968,64.9
Argentina,ARG,1969,64.9
Argentina,ARG,1970,66.5
Argentina,ARG,1971,65.6
Argentina,ARG,1972,65.5
Argentina,ARG,1973,65.9
Argentina,ARG,1974,66.3
Argentina,ARG,1975,66.6
Argentina,ARG,1976,67.1
Argentina,ARG,1977,67.2
Argentina,ARG,1978,67.9
Argentina,ARG,1979,68.2
Argentina,ARG,1980,68.5
Argentina,ARG,1981,68.6
Argentina,ARG,1982,69
Argentina,ARG,1983,68.9
Argentina,ARG,1984,69.3
Argentina,ARG,1985,69.2
Argentina,ARG,1986,69.7
Argentina,ARG,1987,70.1
Argentina,ARG,1988,70.6
Argentina,ARG,1989,71.1
Argentina,ARG,1990,71.4
Argentina,ARG,1991,71.8
Argentina,ARG,1992,72.3
Argentina,ARG,1993,72.4
Argentina,ARG,1994,72.6
Argentina,ARG,1995,73.2
Argentina,ARG,1996,73.1
Argentina,ARG,1997,73.3
Argentina,ARG,1998,73.1
Argentina,ARG,1999,73.5
Argentina,ARG,2000,73.7
Argentina,ARG,2001,73.9
Argentina,ARG,2002,74.2
Argentina,ARG,2003,74.4
Argentina,ARG,2004,74.1
Argentina,ARG,2005,74.9
Argentina,ARG,2006,75.1
Argentina,ARG,2007,75.4
Argentina,ARG,2008,75
Argentina,ARG,2009,75.6
Argentina,ARG,2010,75.9
Argentina,ARG,2011,75.7
Argentina,ARG,2012,76.1
Argentina,ARG,2013,76.5
Argentina,ARG,2014,76.5
Argentina,ARG,2015,76.8
Argentina,ARG,2016,76.8
Argentina,ARG,2017,76.3
Argentina,ARG,2018,76.8
Argentina,ARG,2019,77
Argentina,ARG,2020,77.3
Argentina,ARG,2021,75.9
Argentina,ARG,2022,75.4
Australia,AUS,1962,71
Australia,AUS,1967,70.8
Australia,AUS,1976,72.8
Australia,AUS,1981,74.8
Australia,AUS,1982,74.6
Australia,AUS,1983,75.4
Australia,AUS,1984,75.7
Australia,AUS,1985,75.5
Australia,AUS,1986,76
Australia,AUS,1987,76.2
Australia,AUS,1988,76.2
Australia,AUS,1989,76.4
Australia,AUS,1990,76.9
Australia,AUS,1991,77.3
Australia,AUS,1992,77.4
Australia,AUS,1993,77.9
Australia,AUS,1994,77.9
Australia,AUS,1995,77.8
Australia,AUS,1996,78.1
Australia,AUS,1997,78.4
Australia,AUS,1998,78.6
Australia,AUS,1999,78.9
Australia,AUS,2000,79.2
Australia,AUS,2001,79.6
Australia,AUS,2002,79.9
Australia,AUS,2003,80.2
Australia,AUS,2004,80.5
Australia,AUS,2005,80.8
Australia,AUS,2006,81
Australia,AUS,2007,81.3
Australia,AUS,2008,81.4
Australia,AUS,2009,81.5
Australia,AUS,2010,81.7
Australia,AUS,2011,81.9
Australia,AUS,2012,82
Australia,AUS,2013,82.1
Australia,AUS,2014,82.3
Australia,AUS,2015,82.4
Australia,AUS,2016,82.4
Australia,AUS,2017,82.5
Australia,AUS,2018,82.7
Australia,AUS,2019,82.9
Australia,AUS,2020,83.2
Australia,AUS,2021,83.3
Austria,AUT,1960,68.7
Austria,AUT,1961,69.7
Austria,AUT,1962,69.4
Austria,AUT,1963,69.6
Austria,AUT,1964,70
Austria,AUT,1965,69.8
Austria,AUT,1966,70.2
Austria,AUT,1967,70
Austria,AUT,1968,70.2
Austria,AUT,1969,69.9
Austria,AUT,1970,70.1
Austria,AUT,1971,70.3
Austria,AUT,1972,70.7
Austria,AUT,1973,71.2
Austria,AUT,1974,71.2
Austria,AUT,1975,71.4
Austria,AUT,1976,71.8
Austria,AUT,1977,72.2
Austria,AUT,1978,72.3
Austria,AUT,1979,72.6
Austria,AUT,1980,72.7
Austria,AUT,1981,73
Austria,AUT,1982,73.2
Austria,AUT,1983,73.3
Austria,AUT,1984,73.9
Austria,AUT,1985,74.1
Austria,AUT,1986,74.5
Austria,AUT,1987,75
Austria,AUT,1988,75.5
Austria,AUT,1989,75.6
Austria,AUT,1990,75.8
Austria,AUT,1991,75.9
Austria,AUT,1992,76.1
Austria,AUT,1993,76.3
Austria,AUT,1994,76.7
Austria,AUT,1995,76.9
Austria,AUT,1996,77.1
Austria,AUT,1997,77.5
Austria,AUT,1998,77.9
Austria,AUT,1999,78.1
Austria,AUT,2000,78.3
Austria,AUT,2001,78.8
Austria,AUT,2002,78.9
Austria,AUT,2003,78.8
Austria,AUT,2004,79.3
Austria,AUT,2005,79.5
Austria,AUT,2006,80.1
Austria,AUT,2007,80.3
Austria,AUT,2008,80.6
Austria,AUT,2009,80.5
Austria,AUT,2010,80.7
Austria,AUT,2011,81.1
Austria,AUT,2012,81.1
Austria,AUT,2013,81.3
Austria,AUT,2014,81.6
Austria,AUT,2015,81.3
Austria,AUT,2016,81.8
Austria,AUT,2017,81.7
Austria,AUT,2018,81.8
Austria,AUT,2019,82
Austria,AUT,2020,81.3
Austria,AUT,2021,81.3
Belgium,BEL,1960,69.7
Belgium,BEL,1961,70.5
Belgium,BEL,1962,70.3
Belgium,BEL,1963,70.1
Belgium,BEL,1964,70.8
Belgium,BEL,1965,70.7
Belgium,BEL,1966,70.7
Belgium,BEL,1967,71
Belgium,BEL,1968,70.7
Belgium,BEL,1969,70.8
Belgium,BEL,1970,71
Belgium,BEL,1971,71.1
Belgium,BEL,1972,71.4
Belgium,BEL,1973,71.7
Belgium,BEL,1974,72
Belgium,BEL,1975,72
Belgium,BEL,1976,72.2
Belgium,BEL,1977,72.8
Belgium,BEL,1978,72.8
Belgium,BEL,1979,73.3
Belgium,BEL,1980,73.3
Belgium,BEL,1981,73.7
Belgium,BEL,1982,74
Belgium,BEL,1983,73.9
Belgium,BEL,1984,74.5
Belgium,BEL,1985,74.6
Belgium,BEL,1986,74.8
Belgium,BEL,1987,75.4
Belgium,BEL,1988,75.7
Belgium,BEL,1989,75.7
Belgium,BEL,1990,76.2
Belgium,BEL,1991,76.3
Belgium,BEL,1992,76.5
Belgium,BEL,1993,76.5
Belgium,BEL,1994,76.8
Belgium,BEL,1995,77
Belgium,BEL,1996,77.3
Belgium,BEL,1997,77.5
Belgium,BEL,1998,77.6
Belgium,BEL,1999,77.7
Belgium,BEL,2000,77.9
Belgium,BEL,2001,78.1
Belgium,BEL,2002,78.2
Belgium,BEL,2003,78.3
Belgium,BEL,2004,79
Belgium,BEL,2005,79.1
Belgium,BEL,2006,79.5
Belgium,BEL,2007,79.9
Belgium,BEL,2008,79.8
Belgium,BEL,2009,80.2
Belgium,BEL,2010,80.3
Belgium,BEL,2011,80.7
Belgium,BEL,2012,80.5
Belgium,BEL,2013,80.7
Belgium,BEL,2014,81.4
Belgium,BEL,2015,81.1
Belgium,BEL,2016,81.5
Belgium,BEL,2017,81.6
Belgium,BEL,2018,81.7
Belgium,BEL,2019,82.1
Belgium,BEL,2020,80.8
Belgium,BEL,2021,81.9
Brazil,BRA,1960,52.7
Brazil,BRA,1961,53.2
Brazil,BRA,1962,53.7
Brazil,BRA,1963,54.2
Brazil,BRA,1964,54.6
Brazil,BRA,1965,55.1
Brazil,BRA,1966,55.5
Brazil,BRA,1967,55.9
Brazil,BRA,1968,56.3
Brazil,BRA,1969,56.7
Brazil,BRA,1970,58.9
Brazil,BRA,1971,57.2
Brazil,BRA,1972,57.6
Brazil,BRA,1973,58
Brazil,BRA,1974,58.5
Brazil,BRA,1975,58.9
Brazil,BRA,1976,59.4
Brazil,BRA,1977,59.8
Brazil,BRA,1978,60.2
Brazil,BRA,1979,60.7
Brazil,BRA,1980,61.3
Brazil,BRA,1981,61.8
Brazil,BRA,1982,62.3
Brazil,BRA,1983,62.9
Brazil,BRA,1984,63.3
Brazil,BRA,1985,63.8
Brazil,BRA,1986,64.2
Brazil,BRA,1987,64.6
Brazil,BRA,1988,65.1
Brazil,BRA,1989,65.5
Brazil,BRA,1990,65.9
Brazil,BRA,1991,66
Brazil,BRA,1992,66.3
Brazil,BRA,1993,66.7
Brazil,BRA,1994,67.1
Brazil,BRA,1995,67.6
Brazil,BRA,1996,67.9
Brazil,BRA,1997,68.4
Brazil,BRA,1998,68.8
Brazil,BRA,1999,69.2
Brazil,BRA,2000,69.5
Brazil,BRA,2001,69.7
Brazil,BRA,2002,70.2
Brazil,BRA,2003,70.4
Brazil,BRA,2004,70.7
Brazil,BRA,2005,71.1
Brazil,BRA,2006,71.8
Brazil,BRA,2007,72
Brazil,BRA,2008,72.4
Brazil,BRA,2009,72.7
Brazil,BRA,2010,72.9
Brazil,BRA,2011,73.2
Brazil,BRA,2012,73.3
Brazil,BRA,2013,73.6
Brazil,BRA,2014,73.9
Brazil,BRA,2015,74.3
Brazil,BRA,2016,74.3
Brazil,BRA,2017,74.4
Brazil,BRA,2018,74.8
Brazil,BRA,2019,75.1
Brazil,BRA,2020,75.3
Brazil,BRA,2021,74
Brazil,BRA,2022,72.8
Bulgaria,BGR,1960,69.3
Bulgaria,BGR,1961,70.4
Bulgaria,BGR,1962,69.6
Bulgaria,BGR,1963,70.5
Bulgaria,BGR,1964,71.3
Bulgaria,BGR,1965,71.4
Bulgaria,BGR,1966,71.2
Bulgaria,BGR,1967,70.4
Bulgaria,BGR,1968,71.2
Bulgaria,BGR,1969,70.4
Bulgaria,BGR,1970,71.2
Bulgaria,BGR,1971,70.8
Bulgaria,BGR,1972,70.8
Bulgaria,BGR,1973,71.2
Bulgaria,BGR,1974,71.1
Bulgaria,BGR,1975,71
Bulgaria,BGR,1976,71.3
Bulgaria,BGR,1977,70.7
Bulgaria,BGR,1978,71.1
Bulgaria,BGR,1979,71.2
Bulgaria,BGR,1980,71.1
Bulgaria,BGR,1981,71.5
Bulgaria,BGR,1982,71.1
Bulgaria,BGR,1983,71.3
Bulgaria,BGR,1984,71.4
Bulgaria,BGR,1985,71.1
Bulgaria,BGR,1986,71.5
Bulgaria,BGR,1987,71.3
Bulgaria,BGR,1988,71.4
Bulgaria,BGR,1989,71.4
Bulgaria,BGR,1990,71.2
Bulgaria,BGR,1991,71.1
Bulgaria,BGR,1992,71.2
Bulgaria,BGR,1993,71.2
Bulgaria,BGR,1994,70.9
Bulgaria,BGR,1995,71
Bulgaria,BGR,1996,70.8
Bulgaria,BGR,1997,70.3
Bulgaria,BGR,1998,70.9
Bulgaria,BGR,1999,71.6
Bulgaria,BGR,2000,71.6
Bulgaria,BGR,2001,71.9
Bulgaria,BGR,2002,72.1
Bulgaria,BGR,2003,72.3
Bulgaria,BGR,2004,72.5
Bulgaria,BGR,2005,72.5
Bulgaria,BGR,2006,72.7
Bulgaria,BGR,2007,73
Bulgaria,BGR,2008,73.3
Bulgaria,BGR,2009,73.7
Bulgaria,BGR,2010,73.8
Bulgaria,BGR,2011,74.2
Bulgaria,BGR,2012,74.4
Bulgaria,BGR,2013,74.9
Bulgaria,BGR,2014,74.5
Bulgaria,BGR,2015,74.7
Bulgaria,BGR,2016,74.9
Bulgaria,BGR,2017,74.8
Bulgaria,BGR,2018,75
Bulgaria,BGR,2019,75.1
Bulgaria,BGR,2020,73.6
Bulgaria,BGR,2021,71.4
Canada,CAN,1980,75.1
Canada,CAN,1981,75.5
Canada,CAN,1982,75.7
Canada,CAN,1983,76.1
Canada,CAN,1984,76.4
Canada,CAN,1985,76.4
Canada,CAN,1986,76.5
Canada,CAN,1987,76.8
Canada,CAN,1988,76.9
Canada,CAN,1989,77.2
Canada,CAN,1990,77.5
Canada,CAN,1991,77.7
Canada,CAN,1992,77.9
Canada,CAN,1993,77.8
Canada,CAN,1994,78
Canada,CAN,1995,78.1
Canada,CAN,1996,78.3
Canada,CAN,1997,78.5
Canada,CAN,1998,78.7
Canada,CAN,1999,78.9
Canada,CAN,2000,79.3
Canada,CAN,2001,79.5
Canada,CAN,2002,79.6
Canada,CAN,2003,79.8
Canada,CAN,2004,80.1
Canada,CAN,2005,80.2
Canada,CAN,2006,80.7
Canada,CAN,2007,80.7
Canada,CAN,2008,80.8
Canada,CAN,2009,81.2
Canada,CAN,2010,81.4
Canada,CAN,2011,81.6
Canada,CAN,2012,81.8
Canada,CAN,2013,81.8
Canada,CAN,2014,81.9
Canada,CAN,2015,81.9
Canada,CAN,2016,82
Canada,CAN,2017,81.9
Canada,CAN,2018,81.9
Canada,CAN,2019,82.3
Canada,CAN,2020,81.7
Canada,CAN,2021,81.6
Chile,CHL,1960,57.3
Chile,CHL,1961,57.7
Chile,CHL,1962,58.1
Chile,CHL,1963,58.6
Chile,CHL,1964,59
Chile,CHL,1965,59.5
Chile,CHL,1966,60
Chile,CHL,1967,60.6
Chile,CHL,1968,61.1
Chile,CHL,1969,61.7
Chile,CHL,1970,62.3
Chile,CHL,1971,63
Chile,CHL,1972,63.6
Chile,CHL,1973,64.3
Chile,CHL,1974,65
Chile,CHL,1975,65.7
Chile,CHL,1976,66.4
Chile,CHL,1977,67.1
Chile,CHL,1978,67.8
Chile,CHL,1979,68.4
Chile,CHL,1980,69.1
Chile,CHL,1981,69.7
Chile,CHL,1982,70
Chile,CHL,1983,70.4
Chile,CHL,1984,70.9
Chile,CHL,1985,71.3
Chile,CHL,1986,71.7
Chile,CHL,1987,72.1
Chile,CHL,1988,72.5
Chile,CHL,1989,73
Chile,CHL,1990,73.4
Chile,CHL,1991,73.8
Chile,CHL,1992,74.1
Chile,CHL,1993,74.4
Chile,CHL,1994,74.7
Chile,CHL,1995,75
Chile,CHL,1996,75.3
Chile,CHL,1997,75.6
Chile,CHL,1998,75.8
Chile,CHL,1999,76.1
Chile,CHL,2000,76.4
Chile,CHL,2001,76.6
Chile,CHL,2002,76.9
Chile,CHL,2003,77.1
Chile,CHL,2004,77.4
Chile,CHL,2005,77.6
Chile,CHL,2006,77.8
Chile,CHL,2007,78.1
Chile,CHL,2008,78.3
Chile,CHL,2009,78.5
Chile,CHL,2010,78.7
Chile,CHL,2011,79
Chile,CHL,2012,79.2
Chile,CHL,2013,79.4
Chile,CHL,2014,79.6
Chile,CHL,2015,79.8
Chile,CHL,2016,80
Chile,CHL,2017,80.2
Chile,CHL,2018,80.4
Chile,CHL,2019,80.6
Chile,CHL,2020,80.8
Chile,CHL,2021,81
Chile,CHL,2022,81.2
China,CHN,1960,33.3
China,CHN,1961,40.5
China,CHN,1962,50.8
China,CHN,1963,51.4
China,CHN,1964,52.2
China,CHN,1965,52.9
China,CHN,1966,53.6
China,CHN,1967,54.4
China,CHN,1968,55.1
China,CHN,1969,55.7
China,CHN,1970,59.1
China,CHN,1971,56.6
China,CHN,1972,57.6
China,CHN,1973,58.4
China,CHN,1974,59.4
China,CHN,1975,60.2
China,CHN,1976,60.9
China,CHN,1977,61.8
China,CHN,1978,62.5
China,CHN,1979,63.2
China,CHN,1980,63.9
China,CHN,1981,64.4
China,CHN,1982,65
China,CHN,1983,65.5
China,CHN,1984,65.9
China,CHN,1985,66.3
China,CHN,1986,66.6
China,CHN,1987,67
China,CHN,1988,67.3
China,CHN,1989,67.6
China,CHN,1990,67.8
China,CHN,1991,68
China,CHN,1992,68.2
China,CHN,1993,68.7
China,CHN,1994,69.2
China,CHN,1995,69.5
China,CHN,1996,70
China,CHN,1997,70.3
China,CHN,1998,70.7
China,CHN,1999,71.2
China,CHN,2000,71.4
China,CHN,2001,71.9
China,CHN,2002,72.6
China,CHN,2003,73
China,CHN,2004,73.4
China,CHN,2005,73.7
China,CHN,2006,74.1
China,CHN,2007,74.5
China,CHN,2008,74.8
China,CHN,2009,74.9
China,CHN,2010,75.3
China,CHN,2011,75.6
China,CHN,2012,75.9
China,CHN,2013,76.2
China,CHN,2014,76.5
China,CHN,2015,76.7
China,CHN,2016,77
China,CHN,2017,77.2
China,CHN,2018,77.2
China,CHN,2019,77.7
China,CHN,2020,78
China,CHN,2021,78.1
China,CHN,2022,78.2
Colombia,COL,1960,55.2
Colombia,COL,1961,55.6
Colombia,COL,1962,56.1
Colombia,COL,1963,56.5
Colombia,COL,1964,56.9
Colombia,COL,1965,57.3
Colombia,COL,1966,57.8
Colombia,COL,1967,58.2
Colombia,COL,1968,58.7
Colombia,COL,1969,59.1
Colombia,COL,1970,59.5
Colombia,COL,1971,59.9
Colombia,COL,1972,60.3
Colombia,COL,1973,60.7
Colombia,COL,1974,61.1
Colombia,COL,1975,61.5
Colombia,COL,1976,62
Colombia,COL,1977,62.5
Colombia,COL,1978,63
Colombia,COL,1979,63.5
Colombia,COL,1980,64
Colombia,COL,1981,64.5
Colombia,COL,1982,65
Colombia,COL,1983,65.5
Colombia,COL,1984,65.9
Colombia,COL,1985,66.4
Colombia,COL,1986,66.6
Colombia,COL,1987,66.8
Colombia,COL,1988,66.9
Colombia,COL,1989,67.1
Colombia,COL,1990,67.2
Colombia,COL,1991,67.4
Colombia,COL,1992,67.5
Colombia,COL,1993,67.6
Colombia,COL,1994,68.1
Colombia,COL,1995,68.6
Colombia,COL,1996,69.1
Colombia,COL,1997,69.6
Colombia,COL,1998,70.1
Colombia,COL,1999,70.5
Colombia,COL,2000,71
Colombia,COL,2001,71.4
Colombia,COL,2002,71.8
Colombia,COL,2003,72.2
Colombia,COL,2004,72.6
Colombia,COL,2005,73
Colombia,COL,2006,73.3
Colombia,COL,2007,73.5
Colombia,COL,2008,73.8
Colombia,COL,2009,74
Colombia,COL,2010,74.3
Colombia,COL,2011,74.5
Colombia,COL,2012,74.7
Colombia,COL,2013,75
Colombia,COL,2014,75.2
Colombia,COL,2015,75.4
Colombia,COL,2016,75.7
Colombia,COL,2017,75.9
Colombia,COL,2018,76.5
Colombia,COL,2019,76.6
Colombia,COL,2020,76.7
Colombia,COL,2021,76.8
Colombia,COL,2022,76.9
Costa Rica,CRI,1960,60.4
Costa Rica,CRI,1961,61
Costa Rica,CRI,1962,61.6
Costa Rica,CRI,1963,62.2
Costa Rica,CRI,1964,62.8
Costa Rica,CRI,1965,63.3
Costa Rica,CRI,1966,63.9
Costa Rica,CRI,1967,64.4
Costa Rica,CRI,1968,64.8
Costa Rica,CRI,1969,65.3
Costa Rica,CRI,1970,65.8
Costa Rica,CRI,1971,66.4
Costa Rica,CRI,1972,66.9
Costa Rica,CRI,1973,67.5
Costa Rica,CRI,1974,68.2
Costa Rica,CRI,1975,68.8
Costa Rica,CRI,1976,69.5
Costa Rica,CRI,1977,70.2
Costa Rica,CRI,1978,70.9
Costa Rica,CRI,1979,71.5
Costa Rica,CRI,1980,72.1
Costa Rica,CRI,1981,72.7
Costa Rica,CRI,1982,73.2
Costa Rica,CRI,1983,73.7
Costa Rica,CRI,1984,74.1
Costa Rica,CRI,1985,74.4
Costa Rica,CRI,1986,74.7
Costa Rica,CRI,1987,75
Costa Rica,CRI,1988,75.2
Costa Rica,CRI,1989,75.5
Costa Rica,CRI,1990,75.7
Costa Rica,CRI,1991,75.8
Costa Rica,CRI,1992,76
Costa Rica,CRI,1993,76.2
Costa Rica,CRI,1994,76.4
Costa Rica,CRI,1995,76.6
Costa Rica,CRI,1996,76.8
Costa Rica,CRI,1997,76.9
Costa Rica,CRI,1998,77.1
Costa Rica,CRI,1999,77.3
Costa Rica,CRI,2000,77.8
Costa Rica,CRI,2001,78.1
Costa Rica,CRI,2002,78.3
Costa Rica,CRI,2003,78.5
Costa Rica,CRI,2004,78.6
Costa Rica,CRI,2005,78.8
Costa Rica,CRI,2006,79
Costa Rica,CRI,2007,79.1
Costa Rica,CRI,2008,79.3
Costa Rica,CRI,2009,79.4
Costa Rica,CRI,2010,79.1
Costa Rica,CRI,2011,79.1
Costa Rica,CRI,2012,79.4
Costa Rica,CRI,2013,79.6
Costa Rica,CRI,2014,79.7
Costa Rica,CRI,2015,79.9
Costa Rica,CRI,2016,80
Costa Rica,CRI,2017,80.2
Costa Rica,CRI,2018,80.3
Costa Rica,CRI,2019,80.5
Costa Rica,CRI,2020,80.6
Costa Rica,CRI,2021,80.8
Costa Rica,CRI,2022,80.9
Croatia,HRV,2001,74.6
Croatia,HRV,2002,74.7
Croatia,HRV,2003,74.6
Croatia,HRV,2004,75.4
Croatia,HRV,2005,75.3
Croatia,HRV,2006,75.9
Croatia,HRV,2007,75.8
Croatia,HRV,2008,76
Croatia,HRV,2009,76.3
Croatia,HRV,2010,76.7
Croatia,HRV,2011,77.2
Croatia,HRV,2012,77.3
Croatia,HRV,2013,77.8
Croatia,HRV,2014,77.9
Croatia,HRV,2015,77.5
Croatia,HRV,2016,78.2
Croatia,HRV,2017,78
Croatia,HRV,2018,78.2
Croatia,HRV,2019,78.6
Croatia,HRV,2020,77.8
Croatia,HRV,2021,76.7
Czechia,CZE,1960,70.7
Czechia,CZE,1961,70.7
Czechia,CZE,1962,70
Czechia,CZE,1963,70.5
Czechia,CZE,1964,70.7
Czechia,CZE,1965,70.4
Czechia,CZE,1966,70.6
Czechia,CZE,1967,70.5
Czechia,CZE,1968,70
Czechia,CZE,1969,69.6
Czechia,CZE,1970,69.6
Czechia,CZE,1971,69.8
Czechia,CZE,1972,70.3
Czechia,CZE,1973,70.1
Czechia,CZE,1974,70.2
Czechia,CZE,1975,70.5
Czechia,CZE,1976,70.7
Czechia,CZE,1977,70.7
Czechia,CZE,1978,70.8
Czechia,CZE,1979,70.9
Czechia,CZE,1980,70.4
Czechia,CZE,1981,70.8
Czechia,CZE,1982,70.9
Czechia,CZE,1983,70.7
Czechia,CZE,1984,70.9
Czechia,CZE,1985,71.2
Czechia,CZE,1986,71.1
Czechia,CZE,1987,71.6
Czechia,CZE,1988,71.8
Czechia,CZE,1989,71.8
Czechia,CZE,1990,71.5
Czechia,CZE,1991,72
Czechia,CZE,1992,72.4
Czechia,CZE,1993,72.9
Czechia,CZE,1994,73.2
Czechia,CZE,1995,73.3
Czechia,CZE,1996,74
Czechia,CZE,1997,74.1
Czechia,CZE,1998,74.7
Czechia,CZE,1999,74.9
Czechia,CZE,2000,75.1
Czechia,CZE,2001,75.3
Czechia,CZE,2002,75.4
Czechia,CZE,2003,75.3
Czechia,CZE,2004,75.9
Czechia,CZE,2005,76.1
Czechia,CZE,2006,76.7
Czechia,CZE,2007,77
Czechia,CZE,2008,77.3
Czechia,CZE,2009,77.4
Czechia,CZE,2010,77.7
Czechia,CZE,2011,78
Czechia,CZE,2012,78.1
Czechia,CZE,2013,78.3
Czechia,CZE,2014,78.9
Czechia,CZE,2015,78.7
Czechia,CZE,2016,79.1
Czechia,CZE,2017,79.1
Czechia,CZE,2018,79.1
Czechia,CZE,2019,79.3
Czechia,CZE,2020,78.3
Czechia,CZE,2021,77.2
Denmark,DNK,1960,72.4
Denmark,DNK,1967,72.6
Denmark,DNK,1968,73
Denmark,DNK,1969,73.2
Denmark,DNK,1970,73.3
Denmark,DNK,1971,73.3
Denmark,DNK,1972,73.4
Denmark,DNK,1973,73.6
Denmark,DNK,1974,73.9
Denmark,DNK,1975,74.2
Denmark,DNK,1976,73.8
Denmark,DNK,1977,74.7
Denmark,DNK,1978,74.5
Denmark,DNK,1979,74.3
Denmark,DNK,1980,74.2
Denmark,DNK,1981,74.3
Denmark,DNK,1982,74.7
Denmark,DNK,1983,74.5
Denmark,DNK,1984,74.7
Denmark,DNK,1985,74.5
Denmark,DNK,1986,74.7
Denmark,DNK,1987,74.8
Denmark,DNK,1988,74.9
Denmark,DNK,1989,74.9
Denmark,DNK,1990,74.9
Denmark,DNK,1991,75.3
Denmark,DNK,1992,75.3
Denmark,DNK,1993,75.2
Denmark,DNK,1994,75.5
Denmark,DNK,1995,75.3
Denmark,DNK,1996,75.7
Denmark,DNK,1997,76.1
Denmark,DNK,1998,76.5
Denmark,DNK,1999,76.6
Denmark,DNK,2000,76.9
Denmark,DNK,2001,77
Denmark,DNK,2002,77.1
Denmark,DNK,2003,77.4
Denmark,DNK,2004,77.8
Denmark,DNK,2005,78.3
Denmark,DNK,2006,78.4
Denmark,DNK,2007,78.4
Denmark,DNK,2008,78.8
Denmark,DNK,2009,79
Denmark,DNK,2010,79.3
Denmark,DNK,2011,79.9
Denmark,DNK,2012,80.2
Denmark,DNK,2013,80.4
Denmark,DNK,2014,80.7
Denmark,DNK,2015,80.8
Denmark,DNK,2016,80.9
Denmark,DNK,2017,81.1
Denmark,DNK,2018,81
Denmark,DNK,2019,81.5
Denmark,DNK,2020,81.6
Denmark,DNK,2021,81.5
Estonia,EST,1960,69.4
Estonia,EST,1961,69.7
Estonia,EST,1962,69.8
Estonia,EST,1963,69.9
Estonia,EST,1964,70.8
Estonia,EST,1965,70.8
Estonia,EST,1966,70.7
Estonia,EST,1967,71
Estonia,EST,1968,70.6
Estonia,EST,1969,70.2
Estonia,EST,1970,70.4
Estonia,EST,1971,70.6
Estonia,EST,1972,70.4
Estonia,EST,1973,70.7
Estonia,EST,1974,70.9
Estonia,EST,1975,70.2
Estonia,EST,1976,69.8
Estonia,EST,1977,69.9
Estonia,EST,1978,69.7
Estonia,EST,1979,69.4
Estonia,EST,1980,69.5
Estonia,EST,1981,69.3
Estonia,EST,1982,69.9
Estonia,EST,1983,69.8
Estonia,EST,1984,69.6
Estonia,EST,1985,69.8
Estonia,EST,1986,70.9
Estonia,EST,1987,70.9
Estonia,EST,1988,71
Estonia,EST,1989,70.5
Estonia,EST,1990,69.9
Estonia,EST,1991,69.8
Estonia,EST,1992,69.1
Estonia,EST,1993,68.1
Estonia,EST,1994,66.6
Estonia,EST,1995,67.7
Estonia,EST,1996,69.9
Estonia,EST,1997,70.1
Estonia,EST,1998,69.7
Estonia,EST,1999,70.6
Estonia,EST,2000,71.1
Estonia,EST,2001,70.9
Estonia,EST,2002,71.4
Estonia,EST,2003,71.9
Estonia,EST,2004,72.4
Estonia,EST,2005,73
Estonia,EST,2006,73.2
Estonia,EST,2007,73.2
Estonia,EST,2008,74.4
Estonia,EST,2009,75.3
Estonia,EST,2010,76
Estonia,EST,2011,76.6
Estonia,EST,2012,76.7
Estonia,EST,2013,77.5
Estonia,EST,2014,77.4
Estonia,EST,2015,78
Estonia,EST,2016,78
Estonia,EST,2017,78.4
Estonia,EST,2018,78.5
Estonia,EST,2019,79
Estonia,EST,2020,78.9
Estonia,EST,2021,77.2
Finland,FIN,1960,69
Finland,FIN,1963,69
Finland,FIN,1968,69.8
Finland,FIN,1970,70.8
Finland,FIN,1971,70.1
Finland,FIN,1972,70.7
Finland,FIN,1973,71.2
Finland,FIN,1974,71.2
Finland,FIN,1975,71.7
Finland,FIN,1976,72
Finland,FIN,1977,72.4
Finland,FIN,1978,73
Finland,FIN,1979,73.2
Finland,FIN,1980,73.7
Finland,FIN,1981,74
Finland,FIN,1982,74.6
Finland,FIN,1983,74.5
Finland,FIN,1984,74.9
Finland,FIN,1985,74.5
Finland,FIN,1986,74.9
Finland,FIN,1987,74.9
Finland,FIN,1988,74.8
Finland,FIN,1989,75
Finland,FIN,1990,75.1
Finland,FIN,1991,75.5
Finland,FIN,1992,75.7
Finland,FIN,1993,75.9
Finland,FIN,1994,76.7
Finland,FIN,1995,76.7
Finland,FIN,1996,77
Finland,FIN,1997,77.2
Finland,FIN,1998,77.4
Finland,FIN,1999,77.6
Finland,FIN,2000,77.8
Finland,FIN,2001,78.2
Finland,FIN,2002,78.3
Finland,FIN,2003,78.6
Finland,FIN,2004,79
Finland,FIN,2005,79.1
Finland,FIN,2006,79.5
Finland,FIN,2007,79.6
Finland,FIN,2008,79.9
Finland,FIN,2009,80.1
Finland,FIN,2010,80.2
Finland,FIN,2011,80.6
Finland,FIN,2012,80.7
Finland,FIN,2013,81.1
Finland,FIN,2014,81.3
Finland,FIN,2015,81.6
Finland,FIN,2016,81.5
Finland,FIN,2017,81.7
Finland,FIN,2018,81.8
Finland,FIN,2019,82.1
Finland,FIN,2020,82
Finland,FIN,2021,81.9
France,FRA,1960,70.3
France,FRA,1961,71
France,FRA,1962,70.5
France,FRA,1963,70.5
France,FRA,1964,71.4
France,FRA,1965,71.3
France,FRA,1966,71.5
France,FRA,1967,71.5
France,FRA,1968,71.5
France,FRA,1969,71.3
France,FRA,1970,72.2
France,FRA,1971,72.1
France,FRA,1972,72.4
France,FRA,1973,72.5
France,FRA,1974,72.8
France,FRA,1975,73
France,FRA,1976,73.2
France,FRA,1977,73.8
France,FRA,1978,73.9
France,FRA,1979,74.2
France,FRA,1980,74.3
France,FRA,1981,74.5
France,FRA,1982,74.8
France,FRA,1983,74.8
France,FRA,1984,75.3
France,FRA,1985,75.4
France,FRA,1986,75.7
France,FRA,1987,76.3
France,FRA,1988,76.6
France,FRA,1989,76.7
France,FRA,1990,77
France,FRA,1991,77.2
France,FRA,1992,77.5
France,FRA,1993,77.5
France,FRA,1994,78
France,FRA,1995,78.1
France,FRA,1996,78.2
France,FRA,1997,78.6
France,FRA,1998,78.8
France,FRA,1999,78.9
France,FRA,2000,79.2
France,FRA,2001,79.3
France,FRA,2002,79.4
France,FRA,2003,79.3
France,FRA,2004,80.4
France,FRA,2005,80.4
France,FRA,2006,81
France,FRA,2007,81.3
France,FRA,2008,81.4
France,FRA,2009,81.6
France,FRA,2010,81.9
France,FRA,2011,82.3
France,FRA,2012,82.1
France,FRA,2013,82.4
France,FRA,2014,82.9
France,FRA,2015,82.4
France,FRA,2016,82.7
France,FRA,2017,82.7
France,FRA,2018,82.8
France,FRA,2019,83
France,FRA,2020,82.3
France,FRA,2021,82.4
Germany,DEU,1960,69.1
Germany,DEU,1961,69.7
Germany,DEU,1962,69.9
Germany,DEU,1963,70
Germany,DEU,1964,70.6
Germany,DEU,1965,70.5
Germany,DEU,1966,70.6
Germany,DEU,1967,70.9
Germany,DEU,1968,70.5
Germany,DEU,1969,70.3
Germany,DEU,1970,70.6
Germany,DEU,1971,70.8
Germany,DEU,1972,71
Germany,DEU,1973,71.3
Germany,DEU,1974,71.5
Germany,DEU,1975,71.4
Germany,DEU,1976,71.8
Germany,DEU,1977,72.5
Germany,DEU,1978,72.4
Germany,DEU,1979,72.8
Germany,DEU,1980,72.9
Germany,DEU,1981,73.2
Germany,DEU,1982,73.5
Germany,DEU,1983,73.8
Germany,DEU,1984,74.3
Germany,DEU,1985,75.1
Germany,DEU,1986,75.3
Germany,DEU,1987,75.8
Germany,DEU,1988,76
Germany,DEU,1989,76.1
Germany,DEU,1990,77.4
Germany,DEU,1991,75.7
Germany,DEU,1992,76.2
Germany,DEU,1993,76.2
Germany,DEU,1994,76.6
Germany,DEU,1995,76.7
Germany,DEU,1996,77
Germany,DEU,1997,77.4
Germany,DEU,1998,77.8
Germany,DEU,1999,78
Germany,DEU,2000,78.3
Germany,DEU,2001,78.6
Germany,DEU,2002,78.6
Germany,DEU,2003,78.6
Germany,DEU,2004,79.3
Germany,DEU,2005,79.4
Germany,DEU,2006,79.9
Germany,DEU,2007,80.1
Germany,DEU,2008,80.2
Germany,DEU,2009,80.3
Germany,DEU,2010,80.5
Germany,DEU,2011,80.6
Germany,DEU,2012,80.7
Germany,DEU,2013,80.6
Germany,DEU,2014,81.2
Germany,DEU,2015,80.7
Germany,DEU,2016,81
Germany,DEU,2017,81.1
Germany,DEU,2018,81
Germany,DEU,2019,81.3
Germany,DEU,2020,81.1
Germany,DEU,2021,80.8
Greece,GRC,1961,72.1
Greece,GRC,1962,71.7
Greece,GRC,1963,72
Greece,GRC,1964,71.8
Greece,GRC,1965,72.4
Greece,GRC,1966,72.6
Greece,GRC,1967,72.4
Greece,GRC,1968,72.4
Greece,GRC,1969,73
Greece,GRC,1970,73.8
Greece,GRC,1971,74.2
Greece,GRC,1972,73.8
Greece,GRC,1973,74.1
Greece,GRC,1974,74.6
Greece,GRC,1975,74.4
Greece,GRC,1976,74.5
Greece,GRC,1977,74.7
Greece,GRC,1978,75.3
Greece,GRC,1979,75.5
Greece,GRC,1980,75.3
Greece,GRC,1981,75.7
Greece,GRC,1982,75.9
Greece,GRC,1983,75.7
Greece,GRC,1984,76.2
Greece,GRC,1985,76
Greece,GRC,1986,76.4
Greece,GRC,1987,76.2
Greece,GRC,1988,76.8
Greece,GRC,1989,77
Greece,GRC,1990,77.1
Greece,GRC,1991,77.3
Greece,GRC,1992,77.2
Greece,GRC,1993,77.6
Greece,GRC,1994,77.8
Greece,GRC,1995,77.8
Greece,GRC,1996,77.9
Greece,GRC,1997,78.4
Greece,GRC,1998,78.3
Greece,GRC,1999,78.5
Greece,GRC,2000,78.6
Greece,GRC,2001,79.1
Greece,GRC,2002,79.2
Greece,GRC,2003,79.3
Greece,GRC,2004,79.4
Greece,GRC,2005,79.6
Greece,GRC,2006,79.9
Greece,GRC,2007,79.7
Greece,GRC,2008,80.2
Greece,GRC,2009,80.4
Greece,GRC,2010,80.6
Greece,GRC,2011,80.8
Greece,GRC,2012,80.7
Greece,GRC,2013,81.4
Greece,GRC,2014,81.5
Greece,GRC,2015,81.1
Greece,GRC,2016,81.5
Greece,GRC,2017,81.4
Greece,GRC,2018,81.9
Greece,GRC,2019,81.7
Greece,GRC,2020,81.4
Greece,GRC,2021,80.2
Hungary,HUN,1960,68.1
Hungary,HUN,1961,69
Hungary,HUN,1962,67.9
Hungary,HUN,1963,69
Hungary,HUN,1964,69.5
Hungary,HUN,1965,69.2
Hungary,HUN,1966,69.9
Hungary,HUN,1967,69.5
Hungary,HUN,1968,69.3
Hungary,HUN,1969,69.4
Hungary,HUN,1970,69.2
Hungary,HUN,1971,69.1
Hungary,HUN,1972,69.8
Hungary,HUN,1973,69.6
Hungary,HUN,1974,69.3
Hungary,HUN,1975,69.4
Hungary,HUN,1976,69.7
Hungary,HUN,1977,69.9
Hungary,HUN,1978,69.4
Hungary,HUN,1979,69.7
Hungary,HUN,1980,69.1
Hungary,HUN,1981,69.2
Hungary,HUN,1982,69.4
Hungary,HUN,1983,69
Hungary,HUN,1984,69.1
Hungary,HUN,1985,69.1
Hungary,HUN,1986,69.3
Hungary,HUN,1987,69.8
Hungary,HUN,1988,70.2
Hungary,HUN,1989,69.5
Hungary,HUN,1990,69.4
Hungary,HUN,1991,69.4
Hungary,HUN,1992,69.2
Hungary,HUN,1993,69.2
Hungary,HUN,1994,69.6
Hungary,HUN,1995,70
Hungary,HUN,1996,70.6
Hungary,HUN,1997,71.1
Hungary,HUN,1998,71
Hungary,HUN,1999,71.1
Hungary,HUN,2000,71.9
Hungary,HUN,2001,72.5
Hungary,HUN,2002,72.6
Hungary,HUN,2003,72.6
Hungary,HUN,2004,73
Hungary,HUN,2005,73
Hungary,HUN,2006,73.5
Hungary,HUN,2007,73.6
Hungary,HUN,2008,74.2
Hungary,HUN,2009,74.4
Hungary,HUN,2010,74.7
Hungary,HUN,2011,75.1
Hungary,HUN,2012,75.3
Hungary,HUN,2013,75.8
Hungary,HUN,2014,76
Hungary,HUN,2015,75.7
Hungary,HUN,2016,76.2
Hungary,HUN,2017,76
Hungary,HUN,2018,76.2
Hungary,HUN,2019,76.5
Hungary,HUN,2020,75.7
Hungary,HUN,2021,74.3
Iceland,ISL,1961,73.5
Iceland,ISL,1962,73.7
Iceland,ISL,1963,73
Iceland,ISL,1964,73.5
Iceland,ISL,1965,73.8
Iceland,ISL,1966,73.3
Iceland,ISL,1967,73.8
Iceland,ISL,1968,74
Iceland,ISL,1969,73.7
Iceland,ISL,1970,73.8
Iceland,ISL,1971,73.5
Iceland,ISL,1972,74.4
Iceland,ISL,1973,74.4
Iceland,ISL,1974,74.4
Iceland,ISL,1975,75.5
Iceland,ISL,1976,76.9
Iceland,ISL,1977,76.3
Iceland,ISL,1978,76.6
Iceland,ISL,1980,76.8
Iceland,ISL,1981,76.4
Iceland,ISL,1982,77
Iceland,ISL,1983,76.7
Iceland,ISL,1984,77.6
Iceland,ISL,1985,77.6
Iceland,ISL,1986,78
Iceland,ISL,1987,77.3
Iceland,ISL,1988,77.1
Iceland,ISL,1989,78.2
Iceland,ISL,1990,78.1
Iceland,ISL,1991,78
Iceland,ISL,1992,78.8
Iceland,ISL,1993,79
Iceland,ISL,1994,79.3
Iceland,ISL,1995,78
Iceland,ISL,1996,78.8
Iceland,ISL,1997,78.9
Iceland,ISL,1998,79.7
Iceland,ISL,1999,79.4
Iceland,ISL,2000,79.7
Iceland,ISL,2001,80.7
Iceland,ISL,2002,80.6
Iceland,ISL,2003,81
Iceland,ISL,2004,81.1
Iceland,ISL,2005,81.5
Iceland,ISL,2006,81.2
Iceland,ISL,2007,81.5
Iceland,ISL,2008,81.6
Iceland,ISL,2009,81.8
Iceland,ISL,2010,81.9
Iceland,ISL,2011,82.4
Iceland,ISL,2012,83
Iceland,ISL,2013,82.1
Iceland,ISL,2014,82.9
Iceland,ISL,2015,82.5
Iceland,ISL,2016,82.2
Iceland,ISL,2017,82.6
Iceland,ISL,2018,82.9
Iceland,ISL,2019,83.2
Iceland,ISL,2020,83.1
Iceland,ISL,2021,83.2
India,IND,1960,45.2
India,IND,1961,45.4
India,IND,1962,45.7
India,IND,1963,45.9
India,IND,1964,46.2
India,IND,1965,45
India,IND,1966,45.3
India,IND,1967,45.7
India,IND,1968,47.5
India,IND,1969,47.9
India,IND,1970,47.7
India,IND,1971,48.2
India,IND,1972,48.6
India,IND,1973,49
India,IND,1974,49.5
India,IND,1975,50.2
India,IND,1976,50.8
India,IND,1977,51.4
India,IND,1978,51.9
India,IND,1979,52.5
India,IND,1980,53.1
India,IND,1981,53.6
India,IND,1982,54.2
India,IND,1983,54.7
India,IND,1984,55.3
India,IND,1985,55.8
India,IND,1986,56.3
India,IND,1987,56.8
India,IND,1988,57.3
India,IND,1989,57.8
India,IND,1990,58.2
India,IND,1991,58.7
India,IND,1992,59.1
India,IND,1993,59.5
India,IND,1994,59.8
India,IND,1995,60.2
India,IND,1996,60.6
India,IND,1997,61
India,IND,1998,61.4
India,IND,1999,61.8
India,IND,2000,62.2
India,IND,2001,62.7
India,IND,2002,63.1
India,IND,2003,63.6
India,IND,2004,64.1
India,IND,2005,64.5
India,IND,2006,65
India,IND,2007,65.4
India,IND,2008,65.8
India,IND,2009,66.1
India,IND,2010,66.5
India,IND,2011,66.9
India,IND,2012,67.4
India,IND,2013,67.9
India,IND,2014,68.5
India,IND,2015,69.1
India,IND,2016,69.6
India,IND,2017,70.1
India,IND,2018,70.5
India,IND,2019,70.7
India,IND,2020,70.9
India,IND,2021,70.2
India,IND,2022,67.2
Indonesia,IDN,1960,46.5
Indonesia,IDN,1961,47.1
Indonesia,IDN,1962,47.9
Indonesia,IDN,1963,48.4
Indonesia,IDN,1964,49.2
Indonesia,IDN,1965,42.6
Indonesia,IDN,1966,48.2
Indonesia,IDN,1967,51.1
Indonesia,IDN,1968,51.6
Indonesia,IDN,1969,52.4
Indonesia,IDN,1970,52.6
Indonesia,IDN,1971,53
Indonesia,IDN,1972,53.6
Indonesia,IDN,1973,54.2
Indonesia,IDN,1974,54.9
Indonesia,IDN,1975,55.4
Indonesia,IDN,1976,56
Indonesia,IDN,1977,56.5
Indonesia,IDN,1978,57.1
Indonesia,IDN,1979,57.6
Indonesia,IDN,1980,58.2
Indonesia,IDN,1981,58.8
Indonesia,IDN,1982,59.1
Indonesia,IDN,1983,59.8
Indonesia,IDN,1984,60.3
Indonesia,IDN,1985,60.7
Indonesia,IDN,1986,61.3
Indonesia,IDN,1987,61.7
Indonesia,IDN,1988,62
Indonesia,IDN,1989,62.2
Indonesia,IDN,1990,62.7
Indonesia,IDN,1991,63.2
Indonesia,IDN,1992,63.5
Indonesia,IDN,1993,64.1
Indonesia,IDN,1994,64.6
Indonesia,IDN,1995,64.9
Indonesia,IDN,1996,65.2
Indonesia,IDN,1997,65.4
Indonesia,IDN,1998,65.7
Indonesia,IDN,1999,66
Indonesia,IDN,2000,66.2
Indonesia,IDN,2001,66.4
Indonesia,IDN,2002,66.8
Indonesia,IDN,2003,67.1
Indonesia,IDN,2004,67.4
Indonesia,IDN,2005,65.8
Indonesia,IDN,2006,67.6
Indonesia,IDN,2007,67.9
Indonesia,IDN,2008,68.2
Indonesia,IDN,2009,68.2
Indonesia,IDN,2010,68.5
Indonesia,IDN,2011,68.7
Indonesia,IDN,2012,68.8
Indonesia,IDN,2013,69
Indonesia,IDN,2014,69.3
Indonesia,IDN,2015,69.5
Indonesia,IDN,2016,69.7
Indonesia,IDN,2017,69.8
Indonesia,IDN,2018,69.9
Indonesia,IDN,2019,70.3
Indonesia,IDN,2020,70.5
Indonesia,IDN,2021,68.8
Indonesia,IDN,2022,67.6
Ireland,IRL,1960,70
Ireland,IRL,1970,71.2
Ireland,IRL,1978,71.5
Ireland,IRL,1979,72.3
Ireland,IRL,1980,72.9
Ireland,IRL,1981,72.9
Ireland,IRL,1982,72.9
Ireland,IRL,1985,73.4
Ireland,IRL,1986,73.5
Ireland,IRL,1987,74.3
Ireland,IRL,1988,74.4
Ireland,IRL,1989,74.4
Ireland,IRL,1990,74.8
Ireland,IRL,1991,75
Ireland,IRL,1992,75.4
Ireland,IRL,1993,75.3
Ireland,IRL,1994,75.8
Ireland,IRL,1995,75.5
Ireland,IRL,1996,75.8
Ireland,IRL,1997,76
Ireland,IRL,1998,76.2
Ireland,IRL,1999,76.1
Ireland,IRL,2000,76.6
Ireland,IRL,2001,77.2
Ireland,IRL,2002,77.7
Ireland,IRL,2003,78.2
Ireland,IRL,2004,78.6
Ireland,IRL,2005,79
Ireland,IRL,2006,79.3
Ireland,IRL,2007,79.7
Ireland,IRL,2008,80.2
Ireland,IRL,2009,80.2
Ireland,IRL,2010,80.8
Ireland,IRL,2011,80.9
Ireland,IRL,2012,80.9
Ireland,IRL,2013,81
Ireland,IRL,2014,81.4
Ireland,IRL,2015,81.5
Ireland,IRL,2016,81.7
Ireland,IRL,2017,82.2
Ireland,IRL,2018,82.2
Ireland,IRL,2019,82.8
Ireland,IRL,2020,82.6
Ireland,IRL,2021,82.4
Israel,ISR,1971,71.8
Israel,ISR,1972,71.5
Israel,ISR,1973,71.7
Israel,ISR,1974,71.7
Israel,ISR,1975,72.1
Israel,ISR,1976,73
Israel,ISR,1977,73
Israel,ISR,1978,73.3
Israel,ISR,1979,73.6
Israel,ISR,1980,73.9
Israel,ISR,1981,74.3
Israel,ISR,1982,74.2
Israel,ISR,1983,74.5
Israel,ISR,1984,75
Israel,ISR,1985,75.4
Israel,ISR,1986,75.1
Israel,ISR,1987,75.4
Israel,ISR,1988,75.6
Israel,ISR,1989,76.2
Israel,ISR,1990,76.7
Israel,ISR,1991,76.8
Israel,ISR,1992,76.6
Israel,ISR,1993,77.2
Israel,ISR,1994,77.4
Israel,ISR,1995,77.4
Israel,ISR,1996,78.1
Israel,ISR,1997,78.1
Israel,ISR,1998,78.2
Israel,ISR,1999,78.5
Israel,ISR,2000,78.8
Israel,ISR,2001,79.3
Israel,ISR,2002,79.6
Israel,ISR,2003,79.8
Israel,ISR,2004,80.3
Israel,ISR,2005,80.3
Israel,ISR,2006,80.7
Israel,ISR,2007,80.7
Israel,ISR,2008,81.1
Israel,ISR,2009,81.5
Israel,ISR,2010,81.7
Israel,ISR,2011,81.8
Israel,ISR,2012,81.8
Israel,ISR,2013,82.1
Israel,ISR,2014,82.2
Israel,ISR,2015,82.2
Israel,ISR,2016,82.5
Israel,ISR,2017,82.7
Israel,ISR,2018,82.9
Israel,ISR,2019,82.9
Israel,ISR,2020,82.7
Israel,ISR,2021,82.6
Israel,ISR,2022,82.9
Italy,ITA,1961,69.8
Italy,ITA,1971,72
Italy,ITA,1974,72.6
Italy,ITA,1975,72.7
Italy,ITA,1976,72.8
Italy,ITA,1977,73.4
Italy,ITA,1978,73.8
Italy,ITA,1979,74.1
Italy,ITA,1980,74
Italy,ITA,1981,74.3
Italy,ITA,1982,74.7
Italy,ITA,1983,74.8
Italy,ITA,1984,75
Italy,ITA,1985,75.6
Italy,ITA,1986,75.9
Italy,ITA,1987,76.3
Italy,ITA,1988,76.5
Italy,ITA,1989,77
Italy,ITA,1990,77.1
Italy,ITA,1991,77.1
Italy,ITA,1992,77.5
Italy,ITA,1993,77.8
Italy,ITA,1994,78
Italy,ITA,1995,78.3
Italy,ITA,1996,78.7
Italy,ITA,1997,79
Italy,ITA,1998,79.1
Italy,ITA,1999,79.6
Italy,ITA,2000,79.9
Italy,ITA,2001,80.3
Italy,ITA,2002,80.4
Italy,ITA,2003,80.1
Italy,ITA,2004,80.9
Italy,ITA,2005,80.9
Italy,ITA,2006,81.4
Italy,ITA,2007,81.6
Italy,ITA,2008,81.7
Italy,ITA,2009,81.8
Italy,ITA,2010,82.2
Italy,ITA,2011,82.4
Italy,ITA,2012,82.4
Italy,ITA,2013,82.9
Italy,ITA,2014,83.2
Italy,ITA,2015,82.7
Italy,ITA,2016,83.4
Italy,ITA,2017,83.1
Italy,ITA,2018,83.4
Italy,ITA,2019,83.6
Italy,ITA,2020,82.3
Italy,ITA,2021,82.7
Japan,JPN,1960,67.8
Japan,JPN,1961,68.4
Japan,JPN,1962,68.7
Japan,JPN,1963,69.8
Japan,JPN,1964,70.3
Japan,JPN,1965,70.3
Japan,JPN,1966,71
Japan,JPN,1967,71.5
Japan,JPN,1968,71.7
Japan,JPN,1969,71.9
Japan,JPN,1970,72
Japan,JPN,1971,72.9
Japan,JPN,1972,73.2
Japan,JPN,1973,73.4
Japan,JPN,1974,73.7
Japan,JPN,1975,74.3
Japan,JPN,1976,74.8
Japan,JPN,1977,75.3
Japan,JPN,1978,75.7
Japan,JPN,1979,76.2
Japan,JPN,1980,76.1
Japan,JPN,1981,76.5
Japan,JPN,1982,76.9
Japan,JPN,1983,77
Japan,JPN,1984,77.4
Japan,JPN,1985,77.6
Japan,JPN,1986,78.1
Japan,JPN,1987,78.5
Japan,JPN,1988,78.4
Japan,JPN,1989,78.8
Japan,JPN,1990,78.9
Japan,JPN,1991,79.1
Japan,JPN,1992,79.2
Japan,JPN,1993,79.4
Japan,JPN,1994,79.8
Japan,JPN,1995,79.6
Japan,JPN,1996,80.3
Japan,JPN,1997,80.5
Japan,JPN,1998,80.6
Japan,JPN,1999,80.5
Japan,JPN,2000,81.2
Japan,JPN,2001,81.5
Japan,JPN,2002,81.8
Japan,JPN,2003,81.8
Japan,JPN,2004,82.1
Japan,JPN,2005,82
Japan,JPN,2006,82.4
Japan,JPN,2007,82.6
Japan,JPN,2008,82.7
Japan,JPN,2009,83
Japan,JPN,2010,82.9
Japan,JPN,2011,82.7
Japan,JPN,2012,83.2
Japan,JPN,2013,83.4
Japan,JPN,2014,83.7
Japan,JPN,2015,83.9
Japan,JPN,2016,84.1
Japan,JPN,2017,84.2
Japan,JPN,2018,84.3
Japan,JPN,2019,84.4
Japan,JPN,2020,84.6
Japan,JPN,2021,84.5
Latvia,LVA,2002,70.2
Latvia,LVA,2003,70.6
Latvia,LVA,2004,70.9
Latvia,LVA,2005,70.6
Latvia,LVA,2006,70.6
Latvia,LVA,2007,70.8
Latvia,LVA,2008,72.1
Latvia,LVA,2009,72.8
Latvia,LVA,2010,73.1
Latvia,LVA,2011,73.9
Latvia,LVA,2012,74.1
Latvia,LVA,2013,74.3
Latvia,LVA,2014,74.5
Latvia,LVA,2015,74.8
Latvia,LVA,2016,74.9
Latvia,LVA,2017,74.9
Latvia,LVA,2018,75.1
Latvia,LVA,2019,75.7
Latvia,LVA,2020,75.5
Latvia,LVA,2021,73.1
Lithuania,LTU,1970,71.1
Lithuania,LTU,1971,72
Lithuania,LTU,1972,71.3
Lithuania,LTU,1973,71.6
Lithuania,LTU,1974,71.6
Lithuania,LTU,1975,71.1
Lithuania,LTU,1976,71.1
Lithuania,LTU,1977,71
Lithuania,LTU,1978,70.7
Lithuania,LTU,1979,70.6
Lithuania,LTU,1980,70.5
Lithuania,LTU,1981,70.5
Lithuania,LTU,1982,70.9
Lithuania,LTU,1983,70.8
Lithuania,LTU,1984,70.3
Lithuania,LTU,1985,70.6
Lithuania,LTU,1986,72.3
Lithuania,LTU,1987,72.2
Lithuania,LTU,1988,72
Lithuania,LTU,1989,71.7
Lithuania,LTU,1990,71.5
Lithuania,LTU,1991,70.6
Lithuania,LTU,1992,70.5
Lithuania,LTU,1993,69
Lithuania,LTU,1994,68.6
Lithuania,LTU,1995,69.1
Lithuania,LTU,1996,70.3
Lithuania,LTU,1997,71.1
Lithuania,LTU,1998,71.4
Lithuania,LTU,1999,71.8
Lithuania,LTU,2000,72.1
Lithuania,LTU,2001,71.6
Lithuania,LTU,2002,71.8
Lithuania,LTU,2003,72
Lithuania,LTU,2004,72
Lithuania,LTU,2005,71.2
Lithuania,LTU,2006,71
Lithuania,LTU,2007,70.7
Lithuania,LTU,2008,71.7
Lithuania,LTU,2009,72.9
Lithuania,LTU,2010,73.3
Lithuania,LTU,2011,73.7
Lithuania,LTU,2012,74.1
Lithuania,LTU,2013,74.1
Lithuania,LTU,2014,74.7
Lithuania,LTU,2015,74.6
Lithuania,LTU,2016,74.9
Lithuania,LTU,2017,75.8
Lithuania,LTU,2018,76
Lithuania,LTU,2019,76.5
Lithuania,LTU,2020,75.1
Lithuania,LTU,2021,74.2
Luxembourg,LUX,1960,69.4
Luxembourg,LUX,1971,69.6
Luxembourg,LUX,1972,70.8
Luxembourg,LUX,1973,70.6
Luxembourg,LUX,1974,70.7
Luxembourg,LUX,1975,70.7
Luxembourg,LUX,1976,70.7
Luxembourg,LUX,1977,72.1
Luxembourg,LUX,1978,72
Luxembourg,LUX,1979,72.7
Luxembourg,LUX,1980,72.8
Luxembourg,LUX,1981,72.6
Luxembourg,LUX,1982,72.7
Luxembourg,LUX,1983,73.5
Luxembourg,LUX,1984,73.3
Luxembourg,LUX,1985,73.8
Luxembourg,LUX,1986,74.7
Luxembourg,LUX,1987,74.3
Luxembourg,LUX,1988,75
Luxembourg,LUX,1989,74.9
Luxembourg,LUX,1990,75.7
Luxembourg,LUX,1991,75.7
Luxembourg,LUX,1992,75.3
Luxembourg,LUX,1993,76
Luxembourg,LUX,1994,76.7
Luxembourg,LUX,1995,76.8
Luxembourg,LUX,1996,76.8
Luxembourg,LUX,1997,77.1
Luxembourg,LUX,1998,77.3
Luxembourg,LUX,1999,78
Luxembourg,LUX,2000,78
Luxembourg,LUX,2001,78
Luxembourg,LUX,2002,78.1
Luxembourg,LUX,2003,77.9
Luxembourg,LUX,2004,79.2
Luxembourg,LUX,2005,79.6
Luxembourg,LUX,2006,79.4
Luxembourg,LUX,2007,79.5
Luxembourg,LUX,2008,80.7
Luxembourg,LUX,2009,80.8
Luxembourg,LUX,2010,80.8
Luxembourg,LUX,2011,81.1
Luxembourg,LUX,2012,81.5
Luxembourg,LUX,2013,81.9
Luxembourg,LUX,2014,82.3
Luxembourg,LUX,2015,82.4
Luxembourg,LUX,2016,82.7
Luxembourg,LUX,2017,82.1
Luxembourg,LUX,2018,82.3
Luxembourg,LUX,2019,82.7
Luxembourg,LUX,2020,82.2
Luxembourg,LUX,2021,82.7
Mexico,MEX,1970,59.9
Mexico,MEX,1971,61.6
Mexico,MEX,1972,62
Mexico,MEX,1973,62.4
Mexico,MEX,1974,63.4
Mexico,MEX,1975,63.9
Mexico,MEX,1976,64.2
Mexico,MEX,1977,64.7
Mexico,MEX,1978,65.5
Mexico,MEX,1979,65.9
Mexico,MEX,1980,66.2
Mexico,MEX,1981,66.9
Mexico,MEX,1982,67.7
Mexico,MEX,1983,68.3
Mexico,MEX,1984,68.8
Mexico,MEX,1985,69
Mexico,MEX,1986,69.8
Mexico,MEX,1987,70.1
Mexico,MEX,1988,70.2
Mexico,MEX,1989,70.5
Mexico,MEX,1990,70.9
Mexico,MEX,1991,71.6
Mexico,MEX,1992,71.9
Mexico,MEX,1993,72
Mexico,MEX,1994,72.3
Mexico,MEX,1995,72.2
Mexico,MEX,1996,72.7
Mexico,MEX,1997,73.1
Mexico,MEX,1998,73.5
Mexico,MEX,1999,74
Mexico,MEX,2000,74.7
Mexico,MEX,2001,75
Mexico,MEX,2002,75.1
Mexico,MEX,2003,75.1
Mexico,MEX,2004,75.4
Mexico,MEX,2005,75.2
Mexico,MEX,2006,75.5
Mexico,MEX,2007,75.4
Mexico,MEX,2008,75.2
Mexico,MEX,2009,74.9
Mexico,MEX,2010,74.8
Mexico,MEX,2011,74.9
Mexico,MEX,2012,75
Mexico,MEX,2013,75
Mexico,MEX,2014,75
Mexico,MEX,2015,74.7
Mexico,MEX,2016,74.8
Mexico,MEX,2017,74.9
Mexico,MEX,2018,75
Mexico,MEX,2019,75.1
Mexico,MEX,2020,75.2
Mexico,MEX,2021,75.4
Netherlands,NLD,1960,73.5
Netherlands,NLD,1961,73.8
Netherlands,NLD,1962,73.4
Netherlands,NLD,1963,73.4
Netherlands,NLD,1964,73.8
Netherlands,NLD,1965,73.6
Netherlands,NLD,1966,73.6
Netherlands,NLD,1967,73.9
Netherlands,NLD,1968,73.7
Netherlands,NLD,1969,73.6
Netherlands,NLD,1970,73.7
Netherlands,NLD,1971,73.9
Netherlands,NLD,1972,73.8
Netherlands,NLD,1973,74.2
Netherlands,NLD,1974,74.6
Netherlands,NLD,1975,74.6
Netherlands,NLD,1976,74.7
Netherlands,NLD,1977,75.3
Netherlands,NLD,1978,75.3
Netherlands,NLD,1979,75.7
Netherlands,NLD,1980,75.9
Netherlands,NLD,1981,76
Netherlands,NLD,1982,76.1
Netherlands,NLD,1983,76.3
Netherlands,NLD,1984,76.4
Netherlands,NLD,1985,76.5
Netherlands,NLD,1986,76.4
Netherlands,NLD,1987,76.9
Netherlands,NLD,1988,77.1
Netherlands,NLD,1989,76.9
Netherlands,NLD,1990,77.1
Netherlands,NLD,1991,77.2
Netherlands,NLD,1992,77.4
Netherlands,NLD,1993,77.1
Netherlands,NLD,1994,77.6
Netherlands,NLD,1995,77.6
Netherlands,NLD,1996,77.6
Netherlands,NLD,1997,78
Netherlands,NLD,1998,78.1
Netherlands,NLD,1999,78
Netherlands,NLD,2000,78.2
Netherlands,NLD,2001,78.4
Netherlands,NLD,2002,78.5
Netherlands,NLD,2003,78.7
Netherlands,NLD,2004,79.3
Netherlands,NLD,2005,79.6
Netherlands,NLD,2006,80
Netherlands,NLD,2007,80.4
Netherlands,NLD,2008,80.5
Netherlands,NLD,2009,80.9
Netherlands,NLD,2010,81
Netherlands,NLD,2011,81.3
Netherlands,NLD,2012,81.2
Netherlands,NLD,2013,81.4
Netherlands,NLD,2014,81.8
Netherlands,NLD,2015,81.6
Netherlands,NLD,2016,81.7
Netherlands,NLD,2017,81.8
Netherlands,NLD,2018,81.9
Netherlands,NLD,2019,82.2
Netherlands,NLD,2020,81.4
Netherlands,NLD,2021,81.4
New Zealand,NZL,1961,71.1
New Zealand,NZL,1962,71.2
New Zealand,NZL,1963,71.2
New Zealand,NZL,1964,71.2
New Zealand,NZL,1965,71.2
New Zealand,NZL,1966,71.3
New Zealand,NZL,1967,71.4
New Zealand,NZL,1968,71.4
New Zealand,NZL,1969,71.5
New Zealand,NZL,1970,71.5
New Zealand,NZL,1971,71.6
New Zealand,NZL,1972,71.7
New Zealand,NZL,1973,71.8
New Zealand,NZL,1974,72
New Zealand,NZL,1975,72.1
New Zealand,NZL,1976,72.3
New Zealand,NZL,1977,72.5
New Zealand,NZL,1978,72.7
New Zealand,NZL,1979,72.9
New Zealand,NZL,1980,73.2
New Zealand,NZL,1981,73.4
New Zealand,NZL,1982,73.6
New Zealand,NZL,1983,73.7
New Zealand,NZL,1984,73.8
New Zealand,NZL,1985,74
New Zealand,NZL,1986,74.1
New Zealand,NZL,1987,74.5
New Zealand,NZL,1988,74.8
New Zealand,NZL,1989,75.2
New Zealand,NZL,1990,75.5
New Zealand,NZL,1991,75.8
New Zealand,NZL,1992,76.1
New Zealand,NZL,1993,76.3
New Zealand,NZL,1994,76.6
New Zealand,NZL,1995,76.8
New Zealand,NZL,1996,77.1
New Zealand,NZL,1997,77.4
New Zealand,NZL,1998,77.7
New Zealand,NZL,1999,78.1
New Zealand,NZL,2000,78.4
New Zealand,NZL,2001,78.7
New Zealand,NZL,2002,79
New Zealand,NZL,2003,79.3
New Zealand,NZL,2004,79.6
New Zealand,NZL,2005,79.8
New Zealand,NZL,2006,80.1
New Zealand,NZL,2007,80.3
New Zealand,NZL,2008,80.5
New Zealand,NZL,2009,80.7
New Zealand,NZL,2010,80.8
New Zealand,NZL,2011,81
New Zealand,NZL,2012,81.2
New Zealand,NZL,2013,81.4
New Zealand,NZL,2014,81.4
New Zealand,NZL,2015,81.5
New Zealand,NZL,2016,81.6
New Zealand,NZL,2017,81.7
New Zealand,NZL,2018,81.7
New Zealand,NZL,2019,82.1
New Zealand,NZL,2020,82.3
New Zealand,NZL,2021,82.3
Norway,NOR,1960,73.8
Norway,NOR,1961,73.8
Norway,NOR,1962,73.7
Norway,NOR,1963,73.3
Norway,NOR,1964,73.8
Norway,NOR,1965,74
Norway,NOR,1966,74.2
Norway,NOR,1967,74.2
Norway,NOR,1968,74.1
Norway,NOR,1969,73.8
Norway,NOR,1970,74.3
Norway,NOR,1971,74.4
Norway,NOR,1972,74.5
Norway,NOR,1973,74.6
Norway,NOR,1974,75
Norway,NOR,1975,75
Norway,NOR,1976,75.2
Norway,NOR,1977,75.6
Norway,NOR,1978,75.7
Norway,NOR,1979,75.6
Norway,NOR,1980,75.8
Norway,NOR,1981,76
Norway,NOR,1982,76.1
Norway,NOR,1983,76.2
Norway,NOR,1984,76.3
Norway,NOR,1985,76
Norway,NOR,1986,76.4
Norway,NOR,1987,76.2
Norway,NOR,1988,76.3
Norway,NOR,1989,76.6
Norway,NOR,1990,76.6
Norway,NOR,1991,77.1
Norway,NOR,1992,77.3
Norway,NOR,1993,77.2
Norway,NOR,1994,77.9
Norway,NOR,1995,77.9
Norway,NOR,1996,78.3
Norway,NOR,1997,78.3
Norway,NOR,1998,78.5
Norway,NOR,1999,78.4
Norway,NOR,2000,78.8
Norway,NOR,2001,79
Norway,NOR,2002,79
Norway,NOR,2003,79.6
Norway,NOR,2004,80.1
Norway,NOR,2005,80.3
Norway,NOR,2006,80.6
Norway,NOR,2007,80.6
Norway,NOR,2008,80.8
Norway,NOR,2009,81
Norway,NOR,2010,81.2
Norway,NOR,2011,81.4
Norway,NOR,2012,81.5
Norway,NOR,2013,81.8
Norway,NOR,2014,82.2
Norway,NOR,2015,82.4
Norway,NOR,2016,82.5
Norway,NOR,2017,82.7
Norway,NOR,2018,82.8
Norway,NOR,2019,83
Norway,NOR,2020,83.3
Norway,NOR,2021,83.2
Peru,PER,1960,50.5
Peru,PER,1961,51.1
Peru,PER,1962,51.3
Peru,PER,1963,52.2
Peru,PER,1964,52.7
Peru,PER,1965,53.2
Peru,PER,1966,53.7
Peru,PER,1967,54.2
Peru,PER,1968,54.7
Peru,PER,1969,55.3
Peru,PER,1970,54.2
Peru,PER,1971,47.2
Peru,PER,1972,56.2
Peru,PER,1973,56.7
Peru,PER,1974,57.1
Peru,PER,1975,57.5
Peru,PER,1976,57.9
Peru,PER,1977,58.3
Peru,PER,1978,58.6
Peru,PER,1979,59
Peru,PER,1980,59.3
Peru,PER,1981,59.6
Peru,PER,1982,59.8
Peru,PER,1983,60
Peru,PER,1984,60.2
Peru,PER,1985,60.5
Peru,PER,1986,61.3
Peru,PER,1987,62
Peru,PER,1988,62.8
Peru,PER,1989,63.6
Peru,PER,1990,64.4
Peru,PER,1991,65.1
Peru,PER,1992,65.4
Peru,PER,1993,66.1
Peru,PER,1994,66.7
Peru,PER,1995,67.2
Peru,PER,1996,67.6
Peru,PER,1997,68.1
Peru,PER,1998,68.6
Peru,PER,1999,69.1
Peru,PER,2000,69.7
Peru,PER,2001,70.4
Peru,PER,2002,71
Peru,PER,2003,71.7
Peru,PER,2004,72.2
Peru,PER,2005,72.7
Peru,PER,2006,73
Peru,PER,2007,73.2
Peru,PER,2008,73.2
Peru,PER,2009,73.4
Peru,PER,2010,73.5
Peru,PER,2011,73.7
Peru,PER,2012,74.1
Peru,PER,2013,74.5
Peru,PER,2014,75
Peru,PER,2015,75.3
Peru,PER,2016,75.6
Peru,PER,2017,75.8
Peru,PER,2018,75.9
Peru,PER,2019,76
Peru,PER,2020,76.2
Peru,PER,2021,73.7
Peru,PER,2022,72.4
Poland,POL,1960,67.8
Poland,POL,1961,67.8
Poland,POL,1962,67.5
Poland,POL,1963,68.5
Poland,POL,1964,68.7
Poland,POL,1965,69.5
Poland,POL,1966,69.9
Poland,POL,1967,69.5
Poland,POL,1968,70.3
Poland,POL,1969,69.8
Poland,POL,1970,70
Poland,POL,1971,69.7
Poland,POL,1972,70.7
Poland,POL,1973,70.7
Poland,POL,1974,71.2
Poland,POL,1975,70.6
Poland,POL,1976,70.7
Poland,POL,1977,70.5
Poland,POL,1978,70.4
Poland,POL,1979,70.9
Poland,POL,1980,70.2
Poland,POL,1981,71.2
Poland,POL,1982,71.2
Poland,POL,1983,71.1
Poland,POL,1984,70.9
Poland,POL,1985,71.1
Poland,POL,1986,71
Poland,POL,1987,71.5
Poland,POL,1988,71.5
Poland,POL,1989,71.2
Poland,POL,1990,70.7
Poland,POL,1991,70.4
Poland,POL,1992,71
Poland,POL,1993,71.5
Poland,POL,1994,71.8
Poland,POL,1995,72
Poland,POL,1996,72.3
Poland,POL,1997,72.7
Poland,POL,1998,73.1
Poland,POL,1999,73.1
Poland,POL,2000,73.8
Poland,POL,2001,74.2
Poland,POL,2002,74.5
Poland,POL,2003,74.7
Poland,POL,2004,74.9
Poland,POL,2005,75
Poland,POL,2006,75.3
Poland,POL,2007,75.4
Poland,POL,2008,75.6
Poland,POL,2009,75.9
Poland,POL,2010,76.4
Poland,POL,2011,76.8
Poland,POL,2012,76.9
Poland,POL,2013,77.1
Poland,POL,2014,77.8
Poland,POL,2015,77.5
Poland,POL,2016,78
Poland,POL,2017,77.8
Poland,POL,2018,77.7
Poland,POL,2019,78
Poland,POL,2020,76.5
Poland,POL,2021,75.5
Portugal,PRT,1960,64
Portugal,PRT,1961,62.7
Portugal,PRT,1962,64.2
Portugal,PRT,1963,64.8
Portugal,PRT,1964,64.9
Portugal,PRT,1965,65.8
Portugal,PRT,1966,65.3
Portugal,PRT,1967,66.1
Portugal,PRT,1968,66.4
Portugal,PRT,1969,66
Portugal,PRT,1970,66.7
Portugal,PRT,1971,66.4
Portugal,PRT,1972,68.4
Portugal,PRT,1973,67.6
Portugal,PRT,1974,68.2
Portugal,PRT,1975,68.4
Portugal,PRT,1976,69
Portugal,PRT,1977,70.1
Portugal,PRT,1978,70.5
Portugal,PRT,1979,71.3
Portugal,PRT,1980,71.5
Portugal,PRT,1981,71.8
Portugal,PRT,1982,72.5
Portugal,PRT,1983,72.4
Portugal,PRT,1984,72.7
Portugal,PRT,1985,73
Portugal,PRT,1986,73.4
Portugal,PRT,1987,73.8
Portugal,PRT,1988,73.8
Portugal,PRT,1989,74.4
Portugal,PRT,1990,74.1
Portugal,PRT,1991,74.1
Portugal,PRT,1992,74.7
Portugal,PRT,1993,74.6
Portugal,PRT,1994,75.5
Portugal,PRT,1995,75.4
Portugal,PRT,1996,75.3
Portugal,PRT,1997,75.8
Portugal,PRT,1998,76
Portugal,PRT,1999,76.2
Portugal,PRT,2000,76.8
Portugal,PRT,2001,77.2
Portugal,PRT,2002,77.4
Portugal,PRT,2003,77.5
Portugal,PRT,2004,78.4
Portugal,PRT,2005,78.2
Portugal,PRT,2006,79
Portugal,PRT,2007,79.3
Portugal,PRT,2008,79.5
Portugal,PRT,2009,79.7
Portugal,PRT,2010,80.1
Portugal,PRT,2011,80.7
Portugal,PRT,2012,80.6
Portugal,PRT,2013,80.9
Portugal,PRT,2014,81.3
Portugal,PRT,2015,81.3
Portugal,PRT,2016,81.3
Portugal,PRT,2017,81.6
Portugal,PRT,2018,81.5
Portugal,PRT,2019,81.9
Portugal,PRT,2020,81.1
Portugal,PRT,2021,81.5
Romania,ROU,1968,68.2
Romania,ROU,1969,67.4
Romania,ROU,1970,68.2
Romania,ROU,1971,68.7
Romania,ROU,1972,69.2
Romania,ROU,1973,68.8
Romania,ROU,1974,69.7
Romania,ROU,1975,69.8
Romania,ROU,1976,70
Romania,ROU,1977,69.8
Romania,ROU,1978,69.8
Romania,ROU,1979,69.5
Romania,ROU,1980,69.2
Romania,ROU,1981,69.5
Romania,ROU,1982,69.8
Romania,ROU,1983,69.8
Romania,ROU,1984,69.8
Romania,ROU,1985,69.3
Romania,ROU,1986,69.7
Romania,ROU,1987,69
Romania,ROU,1988,69.4
Romania,ROU,1989,69.7
Romania,ROU,1990,69.9
Romania,ROU,1991,70.1
Romania,ROU,1992,69.5
Romania,ROU,1993,69.5
Romania,ROU,1994,69.4
Romania,ROU,1995,69.3
Romania,ROU,1996,68.8
Romania,ROU,1997,69.1
Romania,ROU,1998,69.9
Romania,ROU,1999,70.6
Romania,ROU,2000,71.2
Romania,ROU,2001,71.1
Romania,ROU,2002,70.9
Romania,ROU,2003,71
Romania,ROU,2004,71.4
Romania,ROU,2005,71.9
Romania,ROU,2006,72.5
Romania,ROU,2007,73.1
Romania,ROU,2008,73.5
Romania,ROU,2009,73.7
Romania,ROU,2010,73.7
Romania,ROU,2011,74.4
Romania,ROU,2012,74.4
Romania,ROU,2013,75.1
Romania,ROU,2014,75
Romania,ROU,2015,74.9
Romania,ROU,2016,75.2
Romania,ROU,2017,75.2
Romania,ROU,2018,75.3
Romania,ROU,2019,75.6
Romania,ROU,2020,74.2
Romania,ROU,2021,72.8
Russia,RUS,1960,66.2
Russia,RUS,1961,66.7
Russia,RUS,1962,67.1
Russia,RUS,1963,67.4
Russia,RUS,1964,67.7
Russia,RUS,1965,67.8
Russia,RUS,1966,67.9
Russia,RUS,1967,68
Russia,RUS,1968,68
Russia,RUS,1969,68
Russia,RUS,1970,68.3
Russia,RUS,1971,68.5
Russia,RUS,1972,68.4
Russia,RUS,1973,68.4
Russia,RUS,1974,68.5
Russia,RUS,1975,67.9
Russia,RUS,1976,67.6
Russia,RUS,1977,67.5
Russia,RUS,1978,67.5
Russia,RUS,1979,67.3
Russia,RUS,1980,67.2
Russia,RUS,1981,67.4
Russia,RUS,1982,68
Russia,RUS,1983,67.8
Russia,RUS,1984,67.3
Russia,RUS,1985,68
Russia,RUS,1986,69.5
Russia,RUS,1987,69.6
Russia,RUS,1988,69.6
Russia,RUS,1989,69.3
Russia,RUS,1990,69
Russia,RUS,1991,68.8
Russia,RUS,1992,67.8
Russia,RUS,1993,65.3
Russia,RUS,1994,64.3
Russia,RUS,1995,64.9
Russia,RUS,1996,66
Russia,RUS,1997,66.9
Russia,RUS,1998,67.2
Russia,RUS,1999,66.1
Russia,RUS,2000,65.7
Russia,RUS,2001,65.6
Russia,RUS,2002,65.3
Russia,RUS,2003,65.2
Russia,RUS,2004,65.6
Russia,RUS,2005,65.7
Russia,RUS,2006,66.9
Russia,RUS,2007,67.7
Russia,RUS,2008,68.1
Russia,RUS,2009,68.8
Russia,RUS,2010,69
Russia,RUS,2011,69.8
Russia,RUS,2012,70.2
Russia,RUS,2013,70.7
Russia,RUS,2014,70.9
Russia,RUS,2015,71.3
Russia,RUS,2016,71.8
Russia,RUS,2017,72.6
Russia,RUS,2018,72.8
Russia,RUS,2019,73.2
Slovakia,SVK,1960,70.3
Slovakia,SVK,1961,70.9
Slovakia,SVK,1962,70.4
Slovakia,SVK,1963,70.8
Slovakia,SVK,1964,71.2
Slovakia,SVK,1965,70.4
Slovakia,SVK,1966,70.5
Slovakia,SVK,1967,71.1
Slovakia,SVK,1968,70.6
Slovakia,SVK,1969,70
Slovakia,SVK,1970,69.8
Slovakia,SVK,1971,69.9
Slovakia,SVK,1972,70.3
Slovakia,SVK,1973,70
Slovakia,SVK,1974,70.2
Slovakia,SVK,1975,70.3
Slovakia,SVK,1976,70.5
Slovakia,SVK,1977,70.4
Slovakia,SVK,1978,70.5
Slovakia,SVK,1979,70.8
Slovakia,SVK,1980,70.4
Slovakia,SVK,1981,70.7
Slovakia,SVK,1982,70.9
Slovakia,SVK,1983,70.6
Slovakia,SVK,1984,70.8
Slovakia,SVK,1985,70.9
Slovakia,SVK,1986,71.1
Slovakia,SVK,1987,71.3
Slovakia,SVK,1988,71.4
Slovakia,SVK,1989,71.2
Slovakia,SVK,1990,71.1
Slovakia,SVK,1991,71.1
Slovakia,SVK,1992,71.5
Slovakia,SVK,1993,72
Slovakia,SVK,1994,72.5
Slovakia,SVK,1995,72.4
Slovakia,SVK,1996,72.9
Slovakia,SVK,1997,72.9
Slovakia,SVK,1998,72.8
Slovakia,SVK,1999,73.2
Slovakia,SVK,2000,73.3
Slovakia,SVK,2001,73.6
Slovakia,SVK,2002,73.8
Slovakia,SVK,2003,73.8
Slovakia,SVK,2004,74.2
Slovakia,SVK,2005,74.1
Slovakia,SVK,2006,74.5
Slovakia,SVK,2007,74.6
Slovakia,SVK,2008,74.9
Slovakia,SVK,2009,75.3
Slovakia,SVK,2010,75.6
Slovakia,SVK,2011,76.1
Slovakia,SVK,2012,76.3
Slovakia,SVK,2013,76.6
Slovakia,SVK,2014,77
Slovakia,SVK,2015,76.7
Slovakia,SVK,2016,77.3
Slovakia,SVK,2017,77.3
Slovakia,SVK,2018,77.4
Slovakia,SVK,2019,77.8
Slovakia,SVK,2020,77
Slovakia,SVK,2021,74.6
Slovenia,SVN,1970,68.7
Slovenia,SVN,1982,71.2
Slovenia,SVN,1983,71
Slovenia,SVN,1984,71.4
Slovenia,SVN,1985,71.9
Slovenia,SVN,1986,72.5
Slovenia,SVN,1987,72.4
Slovenia,SVN,1988,73.1
Slovenia,SVN,1989,73.5
Slovenia,SVN,1990,73.9
Slovenia,SVN,1991,73.6
Slovenia,SVN,1992,73.7
Slovenia,SVN,1993,73.6
Slovenia,SVN,1994,74
Slovenia,SVN,1995,74.7
Slovenia,SVN,1996,75.2
Slovenia,SVN,1997,75.2
Slovenia,SVN,1998,75.3
Slovenia,SVN,1999,75.7
Slovenia,SVN,2000,76.2
Slovenia,SVN,2001,76.4
Slovenia,SVN,2002,76.6
Slovenia,SVN,2003,76.4
Slovenia,SVN,2004,77.2
Slovenia,SVN,2005,77.5
Slovenia,SVN,2006,78.3
Slovenia,SVN,2007,78.4
Slovenia,SVN,2008,79.1
Slovenia,SVN,2009,79.4
Slovenia,SVN,2010,79.8
Slovenia,SVN,2011,80.1
Slovenia,SVN,2012,80.3
Slovenia,SVN,2013,80.5
Slovenia,SVN,2014,81.2
Slovenia,SVN,2015,80.9
Slovenia,SVN,2016,81.2
Slovenia,SVN,2017,81.2
Slovenia,SVN,2018,81.5
Slovenia,SVN,2019,81.6
Slovenia,SVN,2020,80.6
Slovenia,SVN,2021,80.7
South Africa,ZAF,1960,52.7
South Africa,ZAF,1961,53.1
South Africa,ZAF,1962,53.4
South Africa,ZAF,1963,53.6
South Africa,ZAF,1964,53.9
South Africa,ZAF,1965,54.2
South Africa,ZAF,1966,54.4
South Africa,ZAF,1967,54.6
South Africa,ZAF,1968,54.9
South Africa,ZAF,1969,55.2
South Africa,ZAF,1970,52.6
South Africa,ZAF,1971,55.6
South Africa,ZAF,1972,56
South Africa,ZAF,1973,56.3
South Africa,ZAF,1974,56.7
South Africa,ZAF,1975,57.1
South Africa,ZAF,1976,57.5
South Africa,ZAF,1977,58
South Africa,ZAF,1978,58.5
South Africa,ZAF,1979,59
South Africa,ZAF,1980,59.4
South Africa,ZAF,1981,59.8
South Africa,ZAF,1982,60.4
South Africa,ZAF,1983,60.9
South Africa,ZAF,1984,61.5
South Africa,ZAF,1985,61.9
South Africa,ZAF,1986,62.4
South Africa,ZAF,1987,62.9
South Africa,ZAF,1988,63
South Africa,ZAF,1989,63.3
South Africa,ZAF,1990,63.3
South Africa,ZAF,1991,63.4
South Africa,ZAF,1992,63.3
South Africa,ZAF,1993,63.3
South Africa,ZAF,1994,63
South Africa,ZAF,1995,62.6
South Africa,ZAF,1996,62.3
South Africa,ZAF,1997,61.5
South Africa,ZAF,1998,60.8
South Africa,ZAF,1999,60
South Africa,ZAF,2000,59.2
South Africa,ZAF,2001,58.5
South Africa,ZAF,2002,57.3
South Africa,ZAF,2003,55.7
South Africa,ZAF,2004,54.3
South Africa,ZAF,2005,54
South Africa,ZAF,2006,54
South Africa,ZAF,2007,54.3
South Africa,ZAF,2008,55
South Africa,ZAF,2009,56
South Africa,ZAF,2010,57.4
South Africa,ZAF,2011,58.9
South Africa,ZAF,2012,60.7
South Africa,ZAF,2013,61.8
South Africa,ZAF,2014,62.5
South Africa,ZAF,2015,63.4
South Africa,ZAF,2016,64
South Africa,ZAF,2017,64.7
South Africa,ZAF,2018,65.4
South Africa,ZAF,2019,65.7
South Africa,ZAF,2020,66.2
South Africa,ZAF,2021,65.3
South Africa,ZAF,2022,62.3
South Korea,KOR,1970,62.3
South Korea,KOR,1971,62.7
South Korea,KOR,1972,63.1
South Korea,KOR,1973,63.5
South Korea,KOR,1974,63.9
South Korea,KOR,1975,64.2
South Korea,KOR,1976,64.6
South Korea,KOR,1977,65
South Korea,KOR,1978,65.3
South Korea,KOR,1979,65.6
South Korea,KOR,1980,66.1
South Korea,KOR,1981,66.7
South Korea,KOR,1982,67.2
South Korea,KOR,1983,67.7
South Korea,KOR,1984,68.3
South Korea,KOR,1985,68.9
South Korea,KOR,1986,69.5
South Korea,KOR,1987,70.1
South Korea,KOR,1988,70.7
South Korea,KOR,1989,71.2
South Korea,KOR,1990,71.7
South Korea,KOR,1991,72.2
South Korea,KOR,1992,72.6
South Korea,KOR,1993,73.1
South Korea,KOR,1994,73.5
South Korea,KOR,1995,73.8
South Korea,KOR,1996,74.2
South Korea,KOR,1997,74.7
South Korea,KOR,1998,75.1
South Korea,KOR,1999,75.5
South Korea,KOR,2000,76
South Korea,KOR,2001,76.5
South Korea,KOR,2002,76.8
South Korea,KOR,2003,77.3
South Korea,KOR,2004,77.8
South Korea,KOR,2005,78.2
South Korea,KOR,2006,78.8
South Korea,KOR,2007,79.2
South Korea,KOR,2008,79.6
South Korea,KOR,2009,80
South Korea,KOR,2010,80.2
South Korea,KOR,2011,80.6
South Korea,KOR,2012,80.9
South Korea,KOR,2013,81.4
South Korea,KOR,2014,81.8
South Korea,KOR,2015,82.1
South Korea,KOR,2016,82.4
South Korea,KOR,2017,82.7
South Korea,KOR,2018,82.7
South Korea,KOR,2019,83.3
South Korea,KOR,2020,83.5
South Korea,KOR,2021,83.6
Spain,ESP,1960,69.8
Spain,ESP,1970,72
Spain,ESP,1975,73.4
Spain,ESP,1976,73.7
Spain,ESP,1977,74.2
Spain,ESP,1978,74.4
Spain,ESP,1979,75
Spain,ESP,1980,75.5
Spain,ESP,1981,75.7
Spain,ESP,1982,76.3
Spain,ESP,1983,76.1
Spain,ESP,1984,76.4
Spain,ESP,1985,76.4
Spain,ESP,1986,76.7
Spain,ESP,1987,76.9
Spain,ESP,1988,76.9
Spain,ESP,1989,77
Spain,ESP,1990,76.9
Spain,ESP,1991,77.1
Spain,ESP,1992,77.6
Spain,ESP,1993,77.7
Spain,ESP,1994,78
Spain,ESP,1995,78.1
Spain,ESP,1996,78.3
Spain,ESP,1997,78.8
Spain,ESP,1998,78.8
Spain,ESP,1999,78.8
Spain,ESP,2000,79.3
Spain,ESP,2001,79.8
Spain,ESP,2002,79.8
Spain,ESP,2003,79.7
Spain,ESP,2004,80.4
Spain,ESP,2005,80.3
Spain,ESP,2006,81.1
Spain,ESP,2007,81.1
Spain,ESP,2008,81.5
Spain,ESP,2009,81.9
Spain,ESP,2010,82.4
Spain,ESP,2011,82.6
Spain,ESP,2012,82.5
Spain,ESP,2013,83.2
Spain,ESP,2014,83.3
Spain,ESP,2015,83
Spain,ESP,2016,83.5
Spain,ESP,2017,83.4
Spain,ESP,2018,83.5
Spain,ESP,2019,84
Spain,ESP,2020,82.4
Spain,ESP,2021,83.3
Sweden,SWE,1960,73.1
Sweden,SWE,1961,73.5
Sweden,SWE,1962,73.4
Sweden,SWE,1963,73.6
Sweden,SWE,1964,73.8
Sweden,SWE,1965,73.9
Sweden,SWE,1966,74.2
Sweden,SWE,1967,74.2
Sweden,SWE,1968,74
Sweden,SWE,1969,74.1
Sweden,SWE,1970,74.7
Sweden,SWE,1971,74.7
Sweden,SWE,1972,74.8
Sweden,SWE,1973,74.9
Sweden,SWE,1974,75
Sweden,SWE,1975,75
Sweden,SWE,1976,75
Sweden,SWE,1977,75.5
Sweden,SWE,1978,75.5
Sweden,SWE,1979,75.6
Sweden,SWE,1980,75.8
Sweden,SWE,1981,76.1
Sweden,SWE,1982,76.4
Sweden,SWE,1983,76.7
Sweden,SWE,1984,76.9
Sweden,SWE,1985,76.8
Sweden,SWE,1986,77
Sweden,SWE,1987,77.2
Sweden,SWE,1988,77.1
Sweden,SWE,1989,77.8
Sweden,SWE,1990,77.7
Sweden,SWE,1991,77.8
Sweden,SWE,1992,78.2
Sweden,SWE,1993,78.2
Sweden,SWE,1994,78.9
Sweden,SWE,1995,79
Sweden,SWE,1996,79.2
Sweden,SWE,1997,79.4
Sweden,SWE,1998,79.5
Sweden,SWE,1999,79.6
Sweden,SWE,2000,79.8
Sweden,SWE,2001,79.9
Sweden,SWE,2002,80
Sweden,SWE,2003,80.3
Sweden,SWE,2004,80.7
Sweden,SWE,2005,80.7
Sweden,SWE,2006,81
Sweden,SWE,2007,81.1
Sweden,SWE,2008,81.3
Sweden,SWE,2009,81.5
Sweden,SWE,2010,81.6
Sweden,SWE,2011,81.9
Sweden,SWE,2012,81.8
Sweden,SWE,2013,82
Sweden,SWE,2014,82.3
Sweden,SWE,2015,82.2
Sweden,SWE,2016,82.4
Sweden,SWE,2017,82.5
Sweden,SWE,2018,82.6
Sweden,SWE,2019,83.2
Sweden,SWE,2020,82.4
Sweden,SWE,2021,83.1
Switzerland,CHE,1960,71.4
Switzerland,CHE,1961,71.8
Switzerland,CHE,1962,71.3
Switzerland,CHE,1963,71.3
Switzerland,CHE,1964,72.2
Switzerland,CHE,1965,72.3
Switzerland,CHE,1966,72.5
Switzerland,CHE,1967,72.8
Switzerland,CHE,1968,72.7
Switzerland,CHE,1969,72.7
Switzerland,CHE,1970,73.2
Switzerland,CHE,1971,73.3
Switzerland,CHE,1972,73.8
Switzerland,CHE,1973,74.1
Switzerland,CHE,1974,74.5
Switzerland,CHE,1975,74.9
Switzerland,CHE,1976,75
Switzerland,CHE,1977,75.5
Switzerland,CHE,1978,75.4
Switzerland,CHE,1979,75.7
Switzerland,CHE,1980,75.7
Switzerland,CHE,1981,75.9
Switzerland,CHE,1982,76.3
Switzerland,CHE,1983,76.2
Switzerland,CHE,1984,76.9
Switzerland,CHE,1985,77
Switzerland,CHE,1986,77.2
Switzerland,CHE,1987,77.5
Switzerland,CHE,1988,77.5
Switzerland,CHE,1989,77.7
Switzerland,CHE,1990,77.5
Switzerland,CHE,1991,77.8
Switzerland,CHE,1992,78.1
Switzerland,CHE,1993,78.4
Switzerland,CHE,1994,78.7
Switzerland,CHE,1995,78.7
Switzerland,CHE,1996,79.2
Switzerland,CHE,1997,79.4
Switzerland,CHE,1998,79.6
Switzerland,CHE,1999,79.9
Switzerland,CHE,2000,80
Switzerland,CHE,2001,80.5
Switzerland,CHE,2002,80.6
Switzerland,CHE,2003,80.7
Switzerland,CHE,2004,81.3
Switzerland,CHE,2005,81.5
Switzerland,CHE,2006,81.8
Switzerland,CHE,2007,82
Switzerland,CHE,2008,82.3
Switzerland,CHE,2009,82.3
Switzerland,CHE,2010,82.7
Switzerland,CHE,2011,82.8
Switzerland,CHE,2012,82.8
Switzerland,CHE,2013,82.9
Switzerland,CHE,2014,83.3
Switzerland,CHE,2015,83
Switzerland,CHE,2016,83.7
Switzerland,CHE,2017,83.7
Switzerland,CHE,2018,83.8
Switzerland,CHE,2019,84
Switzerland,CHE,2020,83.1
Switzerland,CHE,2021,83.9
Turkey,TUR,1960,48.3
Turkey,TUR,1961,49
Turkey,TUR,1962,49.7
Turkey,TUR,1963,50.3
Turkey,TUR,1964,51
Turkey,TUR,1965,51.6
Turkey,TUR,1966,52.2
Turkey,TUR,1967,52.9
Turkey,TUR,1968,53.4
Turkey,TUR,1969,53.8
Turkey,TUR,1970,54.2
Turkey,TUR,1971,54.6
Turkey,TUR,1972,55
Turkey,TUR,1973,55.4
Turkey,TUR,1974,55.7
Turkey,TUR,1975,56.1
Turkey,TUR,1976,56.5
Turkey,TUR,1977,56.9
Turkey,TUR,1978,57.3
Turkey,TUR,1979,57.7
Turkey,TUR,1980,58.1
Turkey,TUR,1981,58.5
Turkey,TUR,1982,58.9
Turkey,TUR,1983,59.7
Turkey,TUR,1984,60.9
Turkey,TUR,1985,62.1
Turkey,TUR,1986,63.2
Turkey,TUR,1987,64.4
Turkey,TUR,1988,65.2
Turkey,TUR,1989,65.7
Turkey,TUR,1990,67.5
Turkey,TUR,1991,67.8
Turkey,TUR,1992,68.2
Turkey,TUR,1993,68.5
Turkey,TUR,1994,68.9
Turkey,TUR,1995,69.3
Turkey,TUR,1996,69.7
Turkey,TUR,1997,70.1
Turkey,TUR,1998,70.3
Turkey,TUR,1999,70.7
Turkey,TUR,2000,71.1
Turkey,TUR,2001,71.5
Turkey,TUR,2002,71.9
Turkey,TUR,2003,72.3
Turkey,TUR,2004,72.7
Turkey,TUR,2005,73.1
Turkey,TUR,2006,73.4
Turkey,TUR,2007,73.7
Turkey,TUR,2008,73.9
Turkey,TUR,2009,74.1
Turkey,TUR,2010,74.3
Turkey,TUR,2011,74.6
Turkey,TUR,2012,74.6
Turkey,TUR,2013,78
Turkey,TUR,2014,78
Turkey,TUR,2015,78
Turkey,TUR,2016,78
Turkey,TUR,2017,78.1
Turkey,TUR,2018,78.3
Turkey,TUR,2019,78.6
United Kingdom,GBR,1960,70.8
United Kingdom,GBR,1961,70.7
United Kingdom,GBR,1970,71.9
United Kingdom,GBR,1971,71.9
United Kingdom,GBR,1980,73.2
United Kingdom,GBR,1981,73.8
United Kingdom,GBR,1982,74.1
United Kingdom,GBR,1983,74.3
United Kingdom,GBR,1984,74.5
United Kingdom,GBR,1985,74.7
United Kingdom,GBR,1986,74.8
United Kingdom,GBR,1987,75.2
United Kingdom,GBR,1988,75.3
United Kingdom,GBR,1989,75.4
United Kingdom,GBR,1990,75.7
United Kingdom,GBR,1991,75.9
United Kingdom,GBR,1992,76.3
United Kingdom,GBR,1993,76.2
United Kingdom,GBR,1994,76.8
United Kingdom,GBR,1995,76.7
United Kingdom,GBR,1996,76.9
United Kingdom,GBR,1997,77.2
United Kingdom,GBR,1998,77.3
United Kingdom,GBR,1999,77.5
United Kingdom,GBR,2000,77.9
United Kingdom,GBR,2001,78.2
United Kingdom,GBR,2002,78.3
United Kingdom,GBR,2003,78.4
United Kingdom,GBR,2004,79
United Kingdom,GBR,2005,79.2
United Kingdom,GBR,2006,79.5
United Kingdom,GBR,2007,79.7
United Kingdom,GBR,2008,79.8
United Kingdom,GBR,2009,80.4
United Kingdom,GBR,2010,80.6
United Kingdom,GBR,2011,81
United Kingdom,GBR,2012,81
United Kingdom,GBR,2013,81.1
United Kingdom,GBR,2014,81.4
United Kingdom,GBR,2015,81
United Kingdom,GBR,2016,81.2
United Kingdom,GBR,2017,81.3
United Kingdom,GBR,2018,81.3
United Kingdom,GBR,2019,81.3
United Kingdom,GBR,2020,81
United States,USA,1960,69.7
United States,USA,1961,70.2
United States,USA,1962,70.1
United States,USA,1963,69.9
United States,USA,1964,70.2
United States,USA,1965,70.2
United States,USA,1966,70.2
United States,USA,1967,70.5
United States,USA,1968,70.2
United States,USA,1969,70.5
United States,USA,1970,70.8
United States,USA,1971,71.1
United States,USA,1972,71.2
United States,USA,1973,71.4
United States,USA,1974,72
United States,USA,1975,72.6
United States,USA,1976,72.9
United States,USA,1977,73.3
United States,USA,1978,73.5
United States,USA,1979,73.9
United States,USA,1980,73.7
United States,USA,1981,74.1
United States,USA,1982,74.5
United States,USA,1983,74.6
United States,USA,1984,74.7
United States,USA,1985,74.7
United States,USA,1986,74.7
United States,USA,1987,74.9
United States,USA,1988,74.9
United States,USA,1989,75.1
United States,USA,1990,75.4
United States,USA,1991,75.5
United States,USA,1992,75.8
United States,USA,1993,75.5
United States,USA,1994,75.7
United States,USA,1995,75.8
United States,USA,1996,76.1
United States,USA,1997,76.5
United States,USA,1998,76.7
United States,USA,1999,76.7
United States,USA,2000,76.8
United States,USA,2001,77
United States,USA,2002,77
United States,USA,2003,77.2
United States,USA,2004,77.6
United States,USA,2005,77.6
United States,USA,2006,77.8
United States,USA,2007,78.1
United States,USA,2008,78.2
United States,USA,2009,78.5
United States,USA,2010,78.7
United States,USA,2011,78.7
United States,USA,2012,78.8
United States,USA,2013,78.8
United States,USA,2014,78.9
United States,USA,2015,78.7
United States,USA,2016,78.7
United States,USA,2017,78.6
United States,USA,2018,78.7
United States,USA,2019,78.8
United States,USA,2020,77
United States,USA,2021,76.4
